{
    "swagger": "2.0",
    "info": {
        "version": "1.0.0",
        "title": "Sifter2 Application API",
        "description": "Sifter2 Application API",
        "license": {
            "name": "Geppetto",
            "url": "https://www.geppettosoftware.com/"
        }
    },
    "host": "localhost:8002/",
    "schemes": [
        "http",
        "https"
    ],
    "consumes": [
        "application/json"
    ],
    "produces": [
        "application/json"
    ],
    "securityDefinitions": {
        "Authorization": {
            "in": "header",
            "name": "Authorization",
            "type": "apiKey"
        }
    },
    "paths": {
        "/reuser/Signup": {
            "post": {
                "tags": [
                    "Reuser"
                ],
                "parameters": [
                    {
                        "name": "body",
                        "in": "body",
                        "description": "Create new User under Organisation",
                        "schema": {
                            "properties": {
                                "accesstype": {
                                    "type": "string"
                                },
                                "firstname": {
                                    "type": "string"
                                },
                                "middlename": {
                                    "type": "string"
                                },
                                "lastname": {
                                    "type": "string"
                                },
                                "username": {
                                    "type": "string"
                                },
                                "password": {
                                    "type": "string"
                                },
                                "languagepreference": {
                                    "type": "string"
                                },
                                "email": {
                                    "type": "string"
                                },
                                "phonenumber": {
                                    "type": "string"
                                },
                                "screenname": {
                                    "type": "string"
                                },
                                "licenseid": {
                                    "type": "string"
                                },
                                "mustresetpassword": {
                                    "type": "string"
                                },
                                "emailConfirmation": {
                                    "type": "boolean"
                                },
                                "percentage": {
                                    "type": "number"
                                },
                                "enabled": {
                                    "type": "boolean"
                                }
                            }
                        }
                    }
                ],
                "summary": "Signup the new user",
                "responses": {
                    "201    ": {
                        "description": "OK",
                        "schema": {
                            "$ref": "#/definitions/reuser"
                        }
                    }
                }
            }
        },
        "/reuser/get_users": {
            "get": {
                "tags": [
                    "Reuser"
                ],
                "summary": "get all users",
                "responses": {
                    "200": {
                        "description": "OK",
                        "schema": {
                            "$ref": "#/definitions/Reuser"
                        }
                    }
                }
            }
        },
        "/reuser/set_user_percentage/{percentage}/{_id}": {
            "put": {
                "tags": [
                    "Reuser"
                ],
                "summary": "Update user percentage information",
                "parameters": [
                    {
                        "name": "percentage",
                        "in": "path",
                        "description": "user percentage information",
                        "type": "string"
                    },
                    {
                        "name": "_id",
                        "in": "path",
                        "description": "Enter id",
                        "type": "number"
                    }
                ],
                "produces": [
                    "application/json"
                ],
                "responses": {
                    "200": {
                        "description": "user percentage updated",
                        "schema": {
                            "$ref": "#/definitions/Reuser"
                        }
                    }
                }
            }
        },
        "/reuser/removeUser/{email}": {
            "delete": {
                "tags": [
                    "Reuser"
                ],
                "summary": "remove user by email",
                "parameters": [
                    {
                        "in": "path",
                        "name": "email",
                        "schema": {
                            "type": "string"
                        },
                        "required": true
                    }
                ],
                "responses": {
                    "200": {
                        "description": "OK",
                        "schema": {
                            "$ref": "#/definitions/Reuser"
                        }
                    }
                }
            }
        },
        "/City/addzipcode": {
            "post": {
                "tags": [
                    "City"
                ],
                "parameters": [
                    {
                        "name": "body",
                        "in": "body",
                        "description": "Add new zipcode",
                        "schema": {
                            "properties": {
                                "state": {
                                    "type": "string"
                                },
                                "city": {
                                    "type": "string"
                                },
                                "postalCode": {
                                    "type": "string"
                                }
                            }
                        }
                    }
                ],
                "summary": "Add the new zipcode",
                "responses": {
                    "201    ": {
                        "description": "OK",
                        "schema": {
                            "$ref": "#/definitions/City"
                        }
                    }
                }
            }
        },
        "/City/listofstates": {
            "get": {
                "tags": [
                    "City"
                ],
                "summary": "list all states",
                "responses": {
                    "200": {
                        "description": "OK",
                        "schema": {
                            "$ref": "#/definitions/City"
                        }
                    }
                }
            }
        },
        "/City/listofcities": {
            "get": {
                "tags": [
                    "City"
                ],
                "summary": "list all cities",
                "responses": {
                    "200": {
                        "description": "OK",
                        "schema": {
                            "$ref": "#/definitions/City"
                        }
                    }
                }
            }
        },
        "/City/getpostalbycity/{city}": {
            "get": {
                "tags": [
                    "City"
                ],
                "summary": "Get postalcode's by city",
                "parameters": [
                    {
                        "in": "path",
                        "name": "city",
                        "schema": {
                            "type": "string"
                        },
                        "required": true
                    }
                ],
                "responses": {
                    "200": {
                        "description": "OK",
                        "schema": {
                            "$ref": "#/definitions/City"
                        }
                    }
                }
            }
        },
        "/City/deletezipcode/{postalCode}": {
            "delete": {
                "tags": [
                    "City"
                ],
                "summary": "Delete zipcode by postalcode",
                "parameters": [
                    {
                        "in": "path",
                        "name": "postalCode",
                        "schema": {
                            "type": "string"
                        },
                        "required": true
                    }
                ],
                "responses": {
                    "200": {
                        "description": "OK",
                        "schema": {
                            "$ref": "#/definitions/City"
                        }
                    }
                }
            }
        },
        "/assignzipcode/assign_user": {
            "post": {
                "tags": [
                    "AssignZipcode"
                ],
                "parameters": [
                    {
                        "name": "body",
                        "in": "body",
                        "description": "Assign new zipcode to user",
                        "schema": {
                            "properties": {
                                "city": {
                                    "type": "string"
                                },
                                "state": {
                                    "type": "string"
                                },
                                "userId": {
                                    "type": "number"
                                },
                                "username": {
                                    "type": "string"
                                },
                                "zipcode": {
                                    "type": "string"
                                }
                            }
                        }
                    }
                ],
                "summary": "Assign the new zipcode to user",
                "responses": {
                    "201    ": {
                        "description": "OK",
                        "schema": {
                            "$ref": "#/definitions/assignZipcode"
                        }
                    }
                }
            }
        },
        "/assignzipcode/getassigneduser/{userId}": {
            "get": {
                "tags": [
                    "AssignZipcode"
                ],
                "summary": "Get assigned user by userId",
                "parameters": [
                    {
                        "in": "path",
                        "name": "userId",
                        "schema": {
                            "type": "string"
                        },
                        "required": true
                    }
                ],
                "responses": {
                    "200": {
                        "description": "OK",
                        "schema": {
                            "$ref": "#/definitions/assignzipcode"
                        }
                    }
                }
            }
        },
        "/assignzipcode/getusercities/{state}/{_id}": {
            "parameters": [
                {
                    "name": "state",
                    "in": "path",
                    "required": true,
                    "description": "Entet state",
                    "type": "string"
                },
                {
                    "name": "_id",
                    "in": "path",
                    "required": true,
                    "description": "Enter id",
                    "type": "number"
                }
            ],
            "get": {
                "tags": [
                    "AssignZipcode"
                ],
                "summary": "get user cities by state and id",
                "responses": {
                    "200": {
                        "description": "OK",
                        "schema": {
                            "$ref": "#/definitions/assignZipcode"
                        }
                    }
                },
                "security": [
                    {
                        "Authorization": []
                    }
                ]
            }
        },
        "/assignzipcode/deletezipcodebyuser/{username}/{zipcode}": {
            "parameters": [
                {
                    "name": "username",
                    "in": "path",
                    "required": true,
                    "description": "Entet username",
                    "type": "string"
                },
                {
                    "name": "zipcode",
                    "in": "path",
                    "required": true,
                    "description": "Enter zipcode",
                    "type": "string"
                }
            ],
            "delete": {
                "tags": [
                    "AssignZipcode"
                ],
                "summary": "delete assigned zipcode by username and zipcode",
                "responses": {
                    "200": {
                        "description": "OK",
                        "schema": {
                            "$ref": "#/definitions/assignZipcode"
                        }
                    }
                },
                "security": [
                    {
                        "Authorization": []
                    }
                ]
            }
        },
        "/defaultfields/create_Field": {
            "post": {
                "tags": [
                    "DefaultFields"
                ],
                "parameters": [
                    {
                        "name": "body",
                        "in": "body",
                        "description": "create default field",
                        "schema": {
                            "properties": {
                                "fieldName": {
                                    "type": "string"
                                },
                                "fieldValue": {
                                    "type": "string"
                                },
                                "userId": {
                                    "type": "number"
                                }
                            }
                        }
                    }
                ],
                "summary": "create default fields",
                "responses": {
                    "201    ": {
                        "description": "OK",
                        "schema": {
                            "$ref": "#/definitions/DefaultFields"
                        }
                    }
                }
            }
        },
        "/master_list/create_masterlist": {
            "post": {
                "tags": [
                    "Master List"
                ],
                "parameters": [
                    {
                        "name": "body",
                        "in": "body",
                        "description": "Add new MasterList",
                        "schema": {
                            "properties": {
                                "createdby": {
                                    "type": "string"
                                },
                                "description": {
                                    "type": "string"
                                },
                                "title": {
                                    "type": "string"
                                },
                                "updatedby": {
                                    "type": "number"
                                },
                                "listId": {
                                    "type": "string"
                                },
                                "listtype": {
                                    "type": "string"
                                }
                            }
                        }
                    }
                ],
                "summary": "Add new MasterList",
                "responses": {
                    "201": {
                        "description": "Ok",
                        "schema": {
                            "$ref": "#definitions/master_list"
                        }
                    }
                }
            }
        },
        "/master_list/getalllist": {
            "get": {
                "tags": [
                    "Master List"
                ],
                "summary": "List all MasterList",
                "responses": {
                    "200": {
                        "description": "OK",
                        "schema": {
                            "$ref": "#definitions/master_list"
                        }
                    }
                }
            }
        },
        "/master_list/updatemasterlist": {
            "put": {
                "tags": [
                    "Master List"
                ],
                "summary": "Update Master List",
                "parameters": [
                    {
                        "name": "body",
                        "in": "body",
                        "description": "Update Master List",
                        "schema": {
                            "properties": {
                                "_id": {
                                    "type": "number"
                                },
                                "createdby": {
                                    "type": "number"
                                },
                                "description": {
                                    "type": "string"
                                },
                                "title": {
                                    "type": "string"
                                },
                                "updatedby": {
                                    "type": "number"
                                },
                                "listId": {
                                    "type": "number"
                                },
                                "listtype": {
                                    "type": "string"
                                }
                            }
                        }
                    }
                ],
                "produces": [
                    "application/json"
                ],
                "responses": {
                    "200": {
                        "description": "Update Master List",
                        "schema": {
                            "$ref": "#definitions/master_list"
                        }
                    }
                }
            }
        },
        "/master_list/deletelist/{_id}": {
            "delete": {
                "tags": [
                    "Master List"
                ],
                "summary": "Delete Master List",
                "parameters": [
                    {
                        "in": "path",
                        "name": "_id",
                        "schema": {
                            "type": "number"
                        },
                        "required": true
                    }
                ],
                "responses": {
                    "200": {
                        "description": "OK",
                        "schema": {
                            "$ref": "#definitions/master_list"
                        }
                    },
                    "500": {
                        "description": "error"
                    }
                }
            }
        },
        "/taskgroup/create_taskgroup": {
            "post": {
                "tags": [
                    "Task Group"
                ],
                "parameters": [
                    {
                        "name": "body",
                        "in": "body",
                        "description": "Create Task Group",
                        "schema": {
                            "properties": {
                                "createdby": {
                                    "type": "string"
                                },
                                "createddate": {
                                    "type": "number"
                                },
                                "description": {
                                    "type": "string"
                                },
                                "groupid": {
                                    "type": "number"
                                },
                                "groupname": {
                                    "type": "string"
                                },
                                "updatedby": {
                                    "type": "number"
                                },
                                "updatedate": {
                                    "type": "number"
                                }
                            }
                        }
                    }
                ],
                "summary": "Create Task group",
                "responses": {
                    "201": {
                        "description": "OK",
                        "schema": {
                            "$ref": "#definitions/taskgroup"
                        }
                    }
                }
            }
        },
        "/taskgroup/gettaskgroup": {
            "get": {
                "tags": [
                    "Task Group"
                ],
                "summary": "Get all Taskgroup",
                "responses": {
                    "200": {
                        "description": "OK",
                        "schema": {
                            "$ref": "#definitions/taskgroup"
                        }
                    }
                }
            }
        },
        "/taskgroup/updategrouptask": {
            "put": {
                "tags": [
                    "Task Group"
                ],
                "summary": "Update Taskgroup",
                "parameters": [
                    {
                        "name": "body",
                        "in": "body",
                        "description": "Update Taskgroup",
                        "schema": {
                            "properties": {
                                "_id": {
                                    "type": "number"
                                },
                                "createdby": {
                                    "type": "string"
                                },
                                "createddate": {
                                    "type": "number"
                                },
                                "description": {
                                    "type": "string"
                                },
                                "groupid": {
                                    "type": "number"
                                },
                                "groupname": {
                                    "type": "string"
                                },
                                "updatedby": {
                                    "type": "number"
                                },
                                "updatedate": {
                                    "type": "number"
                                }
                            }
                        }
                    }
                ],
                "produces": [
                    "application/json"
                ],
                "responses": {
                    "200": {
                        "description": "Update Taskgroup",
                        "schema": {
                            "$ref": "#definitions/taskgroup"
                        }
                    }
                }
            }
        },
        "/taskgroup/deletetaskgroup/{_id}": {
            "delete": {
                "tags": [
                    "Task Group"
                ],
                "summary": "Delete Task Group",
                "parameters": [
                    {
                        "in": "path",
                        "name": "_id",
                        "schema": {
                            "type": "number"
                        },
                        "required": true
                    }
                ],
                "responses": {
                    "200": {
                        "description": "OK",
                        "schema": {
                            "$ref": "#definitions/taskgroup"
                        }
                    }
                }
            }
        },
        "/taskcomment/createtaskcomment":{
            "post":{
                "tags":[
                    "Task Comment"
                ],
                "parameters":[
                    {
                        "name":"body",
                        "in":"body",
                        "description":"Create Task Comment",
                        "schema":{
                            "properties":{
                                "comment":{
                                    "type":"string"
                                },
                                "commentdate":{
                                    "type":"number"
                                },
                                "taskid":{
                                    "type":"number"
                                },
                                "userid":{
                                    "type":"number"
                                }
                            }
                        }
                    }
                ],
                "responses":{
                    "201":{
                        "description":"Ok",
                        "schema":{
                            "$ref":"#/definitions/taskcomment"
                        }
                    }
                }
            }
        },
        "/taskcomment/getallcomment":{
            "get":{
                "tags":[
                    "Task Comment"
                ],
                "summary":"Get All Task Comment",
                "responses":{
                    "200":{
                        "description":"OK",
                        "schema":{
                            "$ref":"#/definitions/taskcomment"
                        }
                    }
                }
            }
        },
        "/defaultfields/getall": {
            "get": {
                "tags": [
                    "DefaultFields"
                ],
                "summary": "get all default fields",
                "responses": {
                    "200": {
                        "description": "OK",
                        "schema": {
                            "$ref": "#/definitions/DefaultFields"
                        }
                    }
                }
            }
        }
    }
}