[
  {
    "value": "order",
    "synonyms": [
      "order"
    ]
  },
  {
    "value": "clean",
    "synonyms": [
      "clean",
      "clean room",
      "cleaned"
    ]
  },
  {
    "value": "request",
    "synonyms": [
      "need",
      "want",
      "request",
      "make",
      "send the bellman",
      "help with luggage",
      "help with my luggage",
      "help to carry luggage"
    ]
  },
  {
    "value": "sell",
    "synonyms": [
      "sell"
    ]
  },
  {
    "value": "play",
    "synonyms": [
      "play"
    ]
  },
  {
    "value": "close",
    "synonyms": [
      "close",
      "shut"
    ]
  },
  {
    "value": "celebrate",
    "synonyms": [
      "celebrate"
    ]
  },
  {
    "value": "organize",
    "synonyms": [
      "plan",
      "organize"
    ]
  },
  {
    "value": "bring",
    "synonyms": [
      "bring"
    ]
  },
  {
    "value": "reservations",
    "synonyms": [
      "reservations"
    ]
  },
  {
    "value": "serve",
    "synonyms": [
      "serve"
    ]
  },
  {
    "value": "extend",
    "synonyms": [
      "extend"
    ]
  },
  {
    "value": "checkin",
    "synonyms": [
      "checkin",
      "check in",
      "check-in"
    ]
  },
  {
    "value": "checkout",
    "synonyms": [
      "check out",
      "checkout",
      "check-out"
    ]
  },
  {
    "value": "change",
    "synonyms": [
      "change"
    ]
  },
  {
    "value": "meeting",
    "synonyms": [
      "meeting"
    ]
  }
]