[
  {
    "value": "channel",
    "synonyms": [
      "channels",
      "Channel",
      "TV Channels",
      "TV Channel",
      "Channel number",
      "Channel no"
    ]
  },
  {
    "value": "channelName",
    "synonyms": [
      "CBS",
      "KCBS 2",
      "NBC",
      "KNBC 4",
      "CW",
      "KTLA 5",
      "KABC",
      "KABC 7",
      "KCAL",
      "KCAL 9",
      "F0OX",
      "FOX 11",
      "KCOP",
      "KCOP13",
      "LA18",
      "UNIVISION",
      "UNIMAS",
      "PBS",
      "TELEMUNDO",
      "CSPAN",
      "A\u0026E",
      "FREEFORM",
      "AMC",
      "ANIMAL PLANET",
      "BBC AMERICA",
      "BET",
      "Bloomberg",
      "Bravo",
      "CNBC",
      "CARTOON NETWORK",
      "CNN",
      "COMEDY",
      "Discovery",
      "Disney Channel",
      "E",
      "ESPN",
      "ESPN 2",
      "ESPN CLASSIC",
      "ESPN NEWS",
      "ESPN U",
      "Food Network",
      "FOX NEWS",
      "FOX SPORTS WEST",
      "FS PRIME TICKET",
      "FX",
      "GOLF",
      "HLN",
      "HGTV",
      "HISTORY",
      "Lifetime",
      "MSNBC",
      "MTV",
      "NatGeo",
      "Nick",
      "SCI",
      "FS1",
      "Syfy",
      "TBS",
      "TLC",
      "TNT",
      "travel",
      "USA",
      "NBC SPORTS NETWORK",
      "The Weather Channel",
      "NFL NETWORK",
      "Spectrum SNLA",
      "Spectrum Deportes",
      "Spectrum SN",
      "PAC12 LA",
      "truTV",
      "HBO 2",
      "HBO Signature",
      "HBO Comedy",
      "HBO"
    ]
  },
  {
    "value": "channel_lineup",
    "synonyms": [
      "channel lineup",
      "channels lineup"
    ]
  },
  {
    "value": "premium channels",
    "synonyms": [
      "premium channels"
    ]
  }
]