[
  {
    "value": "address",
    "synonyms": [
      "address",
      "location",
      "located",
      "where is"
    ]
  },
  {
    "value": "pets",
    "synonyms": [
      "pets",
      "Dog",
      "Dogs",
      "Service animal",
      "Service Dog",
      "Cat",
      "Cats",
      "pet",
      "Ferrets",
      "Ferret",
      "Fish",
      "Mice",
      "Guinea Pig",
      "Guinea Pigs",
      "Parrot",
      "Bird",
      "Birds",
      "Snake",
      "Snakes",
      "Iguanas"
    ]
  },
  {
    "value": "pet policy",
    "synonyms": [
      "pet policy",
      "Service animal policy",
      "pet-friendly",
      "pet friendly",
      "dog friendly",
      "cat friendly",
      "pet-friendly",
      "dog-friendly",
      "cat-friendly",
      "cats welcome",
      "dogs welcome"
    ]
  },
  {
    "value": "distance",
    "synonyms": [
      "distance",
      "far",
      "near"
    ]
  },
  {
    "value": "noisy",
    "synonyms": [
      "noise",
      "noisy",
      "loud",
      "loud noice",
      "loud sound",
      "hign decibel"
    ]
  },
  {
    "value": "bad",
    "synonyms": [
      "bad",
      "broken",
      "not working",
      "no sound",
      "no picure"
    ]
  },
  {
    "value": "available",
    "synonyms": [
      "available",
      "present",
      "have"
    ]
  },
  {
    "value": "age",
    "synonyms": [
      "age",
      "age policy",
      "age limit"
    ]
  },
  {
    "value": "quantity",
    "synonyms": [
      "quantity",
      "how much",
      "how many",
      "count"
    ]
  },
  {
    "value": "temperature",
    "synonyms": [
      "temperature",
      "how hot",
      "cold",
      "how cold"
    ]
  },
  {
    "value": "reservation",
    "synonyms": [
      "reservation",
      "reservations",
      "reserve"
    ]
  },
  {
    "value": "rate",
    "synonyms": [
      "rate",
      "rating",
      "feedback",
      "comment"
    ]
  },
  {
    "value": "dress",
    "synonyms": [
      "dress",
      "dress code",
      "dresscode",
      "attire"
    ]
  },
  {
    "value": "which floor",
    "synonyms": [
      "which floor"
    ]
  }
]