[
  {
    "value": "cost",
    "synonyms": [
      "cost",
      "price"
    ]
  },
  {
    "value": "free",
    "synonyms": [
      "free",
      "complimentary",
      "complementary"
    ]
  },
  {
    "value": "cheapest",
    "synonyms": [
      "cheapest",
      "cheap",
      "less expensive",
      "best priced"
    ]
  },
  {
    "value": "best",
    "synonyms": [
      "best",
      "top",
      "good",
      "nice",
      "great",
      "cool",
      "fine",
      "interesting"
    ]
  }
]