[
  {
    "value": "min",
    "synonyms": [
      "min",
      "minimum",
      "least",
      "smallest"
    ]
  },
  {
    "value": "max",
    "synonyms": [
      "max",
      "maximum",
      "greatest",
      "most"
    ]
  },
  {
    "value": "restriction",
    "synonyms": [
      "restriction"
    ]
  },
  {
    "value": "weather",
    "synonyms": [
      "weather",
      "winter",
      "summer",
      "cold",
      "hot"
    ]
  },
  {
    "value": "free",
    "synonyms": [
      "free"
    ]
  },
  {
    "value": "size",
    "synonyms": [
      "size",
      "number of people",
      "people",
      "how many people",
      "how big",
      "big",
      "SQFT",
      "its SQFT"
    ]
  }
]