[
  {
    "value": "Samsung phone",
    "synonyms": [
      "Samsung S6",
      "samsung s7",
      "samsung galaxy",
      "samsung s4",
      "samsung s8"
    ]
  },
  {
    "value": "Micro-USB",
    "synonyms": [
      "Micro-USB"
    ]
  },
  {
    "value": "Android",
    "synonyms": [
      "Android"
    ]
  },
  {
    "value": "iPhone",
    "synonyms": [
      "iPhone",
      "iphone",
      "iPhone 6",
      "iPhone 5",
      "iPhone X"
    ]
  },
  {
    "value": "phone",
    "synonyms": [
      "phone"
    ]
  },
  {
    "value": "laptop",
    "synonyms": [
      "notebook",
      "MacBook",
      "laptop",
      "macbook pro",
      "macbook air",
      "notepad"
    ]
  },
  {
    "value": "computer",
    "synonyms": [
      "computer",
      "mac"
    ]
  }
]