[
  {
    "value": "Food",
    "synonyms": [
      "Food",
      "Eat"
    ]
  },
  {
    "value": "Drink",
    "synonyms": [
      "Drink",
      "Drinks",
      "Softdrinks",
      "Soft drinks"
    ]
  },
  {
    "value": "alcohol",
    "synonyms": [
      "alcohol",
      "wine",
      "sprit",
      "hard drinks",
      "Rum"
    ]
  },
  {
    "value": "cake",
    "synonyms": [
      "cake"
    ]
  },
  {
    "value": "brunch",
    "synonyms": [
      "brunch"
    ]
  },
  {
    "value": "snack",
    "synonyms": [
      "snack",
      "light meal",
      "grab a bite"
    ]
  },
  {
    "value": "dinner",
    "synonyms": [
      "dinner",
      "supper"
    ]
  },
  {
    "value": "breakfast",
    "synonyms": [
      "breakfast",
      "breakfast and brunch",
      "breakfast n brunch",
      "continental",
      "continental breakfast"
    ]
  },
  {
    "value": "lunch",
    "synonyms": [
      "lunch"
    ]
  }
]