[
  {
    "value": "WeddingParty",
    "synonyms": [
      "Wedding",
      "Wedding Pary",
      "Reception"
    ]
  },
  {
    "value": "ProductLaunch",
    "synonyms": [
      "Product Launch"
    ]
  },
  {
    "value": "BirthdayParty",
    "synonyms": [
      "birthday",
      "Birthday Party"
    ]
  },
  {
    "value": "PrivateParty",
    "synonyms": [
      "Private Party"
    ]
  },
  {
    "value": "CharityEvent",
    "synonyms": [
      "Charity Event",
      "Charity"
    ]
  },
  {
    "value": "CorporateEvent",
    "synonyms": [
      "Corporate Event",
      "Corporate Party"
    ]
  },
  {
    "value": "BachelorParty",
    "synonyms": [
      "Bachelor",
      "Bachelorette Party",
      "Bachelor Party"
    ]
  },
  {
    "value": "generic",
    "synonyms": [
      "event",
      "events"
    ]
  }
]