[
  {
    "value": "pharmacy",
    "synonyms": [
      "medical shop",
      "pharmacy"
    ]
  },
  {
    "value": "jacuzzi",
    "synonyms": [
      "jacuzzi"
    ]
  },
  {
    "value": "game area",
    "synonyms": [
      "tennis court",
      "game area",
      "tennis",
      "sport area",
      "kids play area",
      "kids area",
      "kids playing area",
      "games area"
    ]
  },
  {
    "value": "transfer",
    "synonyms": [
      "transfer",
      "transfer service",
      "transpotation"
    ]
  },
  {
    "value": "parking",
    "synonyms": [
      "parking",
      "additional parking",
      "parking lot",
      "valet parking"
    ]
  },
  {
    "value": "smoking-room",
    "synonyms": [
      "smoking room",
      "smoking-room"
    ]
  },
  {
    "value": "Tour",
    "synonyms": [
      "Tours",
      "Tour",
      "sight seeing tours",
      "sight seeing"
    ]
  },
  {
    "value": "attractions",
    "synonyms": [
      "attractions"
    ]
  },
  {
    "value": "swimming pool",
    "synonyms": [
      "swimming pool"
    ]
  },
  {
    "value": "luggage storage",
    "synonyms": [
      "luggage storage",
      "baggage storage",
      "baggage room",
      "luggage room",
      "cloakroom",
      "cloak room",
      "luggage store",
      "store luggage",
      "store my luggage"
    ]
  },
  {
    "value": "business center",
    "synonyms": [
      "business center"
    ]
  },
  {
    "value": "clothing shop",
    "synonyms": [
      "clothing shop",
      "dress shop"
    ]
  },
  {
    "value": "game",
    "synonyms": [
      "game",
      "games"
    ]
  },
  {
    "value": "gift shop",
    "synonyms": [
      "gift shop",
      "souvenir shop"
    ]
  },
  {
    "value": "Pool",
    "synonyms": [
      "Pool",
      "POOL",
      "Pools",
      "Adult Pool",
      "steam room",
      "heated pool",
      "swiming pool",
      "swimming pool"
    ]
  },
  {
    "value": "Indoor pool",
    "synonyms": [
      "Indoor pool",
      "INDOOR POOL",
      "Covered Pool"
    ]
  },
  {
    "value": "delivery",
    "synonyms": [
      "delivery",
      "deliver"
    ]
  },
  {
    "value": "quick serve",
    "synonyms": [
      "quick serve",
      "quick service",
      "quick serving",
      "fast service"
    ]
  },
  {
    "value": "meeting room",
    "synonyms": [
      "meeting room",
      "meeting rooms",
      "conference room",
      "conference rooms",
      "conference center"
    ]
  },
  {
    "value": "beauty-salon",
    "synonyms": [
      "beauty salon",
      "beauty consultation",
      "beatuy-salon",
      "beauti salon",
      "beauti consultation",
      "beauty consultant",
      "beauti consultants",
      "hair salon",
      "hair and nail salon",
      "salon"
    ]
  },
  {
    "value": "GYM",
    "synonyms": [
      "GYM",
      "gym",
      "workout",
      "workout room",
      "exercise",
      "exercise facility",
      "fitness center",
      "fitness room",
      "ex"
    ]
  },
  {
    "value": "event-room",
    "synonyms": [
      "event-room",
      "event room",
      "event rooms",
      "Event Hall",
      "Ball Room",
      "Banquet Hall",
      "Banquet Room",
      "event space"
    ]
  },
  {
    "value": "sea-view",
    "synonyms": [
      "sea-view",
      "sea view",
      "sea facing",
      "sea front",
      "by the sea",
      "sea"
    ]
  },
  {
    "value": "wifi",
    "synonyms": [
      "wifi",
      "WIFI",
      "wi-fi",
      "wi-fi connection",
      "wi-fi access",
      "access to wi-fi"
    ]
  },
  {
    "value": "non-smoking",
    "synonyms": [
      "non smoking",
      "non smoking room",
      "nonsmoking room",
      "non-smoking"
    ]
  },
  {
    "value": "housekeeping",
    "synonyms": [
      "house keeping",
      "cleaning service",
      "housekeeping",
      "maid service"
    ]
  },
  {
    "value": "SPA",
    "synonyms": [
      "SPA",
      "spa",
      "SPAs"
    ]
  },
  {
    "value": "Tournament",
    "synonyms": [
      "Tournament",
      "Tournaments"
    ]
  },
  {
    "value": "guest list",
    "synonyms": [
      "guest list",
      "guestlist"
    ]
  },
  {
    "value": "restaurant",
    "synonyms": [
      "restaurant",
      "Diner",
      "kitchen"
    ]
  },
  {
    "value": "breakfast",
    "synonyms": [
      "breakfast"
    ]
  },
  {
    "value": "ice machine",
    "synonyms": [
      "ice machine"
    ]
  },
  {
    "value": "shopping-mall",
    "synonyms": [
      "shopping-mall",
      "shopping mall",
      "shopping center",
      "shopping area",
      "mall",
      "outlets",
      "market place",
      "shopping",
      "shoping"
    ]
  },
  {
    "value": "sauna",
    "synonyms": [
      "sauna",
      "saunas"
    ]
  },
  {
    "value": "outdoor-seating",
    "synonyms": [
      "outdoor-seating",
      "outdoor seating",
      "outdoor seats"
    ]
  },
  {
    "value": "internet",
    "synonyms": [
      "internet",
      "access to internet",
      "wired internet",
      "wireless internet"
    ]
  },
  {
    "value": "laundry",
    "synonyms": [
      "laundry"
    ]
  },
  {
    "value": "wakeup call",
    "synonyms": [
      "wakeup call",
      "wake me up",
      "wake me"
    ]
  },
  {
    "value": "daycare",
    "synonyms": [
      "nanny",
      "nanny service",
      "baby sitting",
      "daycare",
      "governess",
      "babysitter",
      "babysitting",
      "nursery",
      "day care"
    ]
  },
  {
    "value": "Bar",
    "synonyms": [
      "Bar",
      "sport bar",
      "sports bar"
    ]
  },
  {
    "value": "grocery-store",
    "synonyms": [
      "grocery-store",
      "grocery store",
      "grocery center",
      "grocery shop"
    ]
  },
  {
    "value": "Dry Cleaning",
    "synonyms": [
      "Dry Cleaning"
    ]
  },
  {
    "value": "nightclub",
    "synonyms": [
      "nightclub",
      "night club",
      "night clubs?"
    ]
  }
]