[
  {
    "value": "tv",
    "synonyms": [
      "tv",
      "tv set",
      "Flat-screen TV",
      "flat tv",
      "television",
      "LCD",
      "LED TV",
      "OLED TV",
      "flatscreen tv",
      "flat screen tv",
      "LCD TV"
    ]
  },
  {
    "value": "radio",
    "synonyms": [
      "radio",
      "clock radio"
    ]
  },
  {
    "value": "video rental",
    "synonyms": [
      "movie rental",
      "dvd rental",
      "video rental"
    ]
  },
  {
    "value": "media station",
    "synonyms": [
      "media station",
      "ipod docking station",
      "docking station"
    ]
  },
  {
    "value": "dvd player",
    "synonyms": [
      "dvd player"
    ]
  },
  {
    "value": "phone",
    "synonyms": [
      "phone",
      "digital phone",
      "voicemail"
    ]
  },
  {
    "value": "remote",
    "synonyms": [
      "remote",
      "tv remote"
    ]
  }
]