[
  {
    "value": "charger",
    "synonyms": [
      "charger"
    ]
  },
  {
    "value": "cable",
    "synonyms": [
      "cable",
      "usb cable",
      "mico cable",
      "power cable",
      "lightning cable",
      "mini usb",
      "usb",
      "power card"
    ]
  },
  {
    "value": "gift card",
    "synonyms": [
      "gift cards",
      "gift card"
    ]
  },
  {
    "value": "club",
    "synonyms": [
      "club",
      "clubs"
    ]
  },
  {
    "value": "events",
    "synonyms": [
      "events"
    ]
  },
  {
    "value": "menu",
    "synonyms": [
      "menu"
    ]
  },
  {
    "value": "iron",
    "synonyms": [
      "iron",
      "ironing board",
      "ironing",
      "iron board"
    ]
  },
  {
    "value": "room",
    "synonyms": [
      "room",
      "suite"
    ]
  },
  {
    "value": "radio",
    "synonyms": [
      "radio"
    ]
  },
  {
    "value": "alarm",
    "synonyms": [
      "alarm"
    ]
  },
  {
    "value": "projector",
    "synonyms": [
      "projector",
      "projectors"
    ]
  },
  {
    "value": "equipment",
    "synonyms": [
      "equipment",
      "equipments"
    ]
  },
  {
    "value": "cooking appliance",
    "synonyms": [
      "cooking appliance"
    ]
  }
]