[
  {
    "value": "enquire",
    "synonyms": [
      "is it",
      "what",
      "how",
      "why"
    ]
  },
  {
    "value": "question",
    "synonyms": [
      "question",
      "can",
      "can i",
      "do you",
      "do i"
    ]
  },
  {
    "value": "pronoun",
    "synonyms": [
      "I",
      "you",
      "your",
      "he",
      "his",
      "she",
      "her",
      "me",
      "mine",
      "my"
    ]
  },
  {
    "value": "neighbor",
    "synonyms": [
      "neighbors",
      "neighbor"
    ]
  },
  {
    "value": "it",
    "synonyms": [
      "it"
    ]
  },
  {
    "value": "do",
    "synonyms": [
      "do"
    ]
  },
  {
    "value": "count",
    "synonyms": [
      "count",
      "How many",
      "number of"
    ]
  },
  {
    "value": "speed",
    "synonyms": [
      "speed",
      "fast",
      "how fast",
      "how quick"
    ]
  }
]