[
  {
    "value": "Lastcall",
    "synonyms": [
      "lastcall",
      "Last call time",
      "Lastcall Time",
      "last call",
      "last call time",
      "cut off time",
      "last order time",
      "last order"
    ]
  },
  {
    "value": "Close",
    "synonyms": [
      "close",
      "close time",
      "closing time",
      "end",
      "end time"
    ]
  },
  {
    "value": "Open",
    "synonyms": [
      "Open",
      "Open Time",
      "Opening Time",
      "start",
      "start time",
      "open 24 hours",
      "open 24/7",
      "open 24by7",
      "24/7",
      "open 24-7",
      "24 by 7",
      "open 24 by 7"
    ]
  },
  {
    "value": "working hours",
    "synonyms": [
      "working hours",
      "working time"
    ]
  },
  {
    "value": "time",
    "synonyms": [
      "time"
    ]
  },
  {
    "value": "when",
    "synonyms": [
      "when"
    ]
  },
  {
    "value": "timing",
    "synonyms": [
      "timing"
    ]
  },
  {
    "value": "hours",
    "synonyms": [
      "hours"
    ]
  }
]