[
  {
    "value": "rollaway bed",
    "synonyms": [
      "rollaway bed",
      "roll away bed",
      "rollaway beds"
    ]
  },
  {
    "value": "cribs",
    "synonyms": [
      "cribs",
      "crib",
      "cradle",
      "bassinet"
    ]
  },
  {
    "value": "alarm",
    "synonyms": [
      "alarm"
    ]
  },
  {
    "value": "Coffee maker",
    "synonyms": [
      "Coffee maker"
    ]
  },
  {
    "value": "tea maker",
    "synonyms": [
      "tea",
      "tea service",
      "tea bags",
      "tea maker"
    ]
  },
  {
    "value": "refrigerator",
    "synonyms": [
      "refrigerator",
      "Mini-refrigerator",
      "Mini Refrigerator",
      "fridge"
    ]
  },
  {
    "value": "safe",
    "synonyms": [
      "safe",
      "digital safe"
    ]
  },
  {
    "value": "shower",
    "synonyms": [
      "shower",
      "Standing shower"
    ]
  },
  {
    "value": "Bath tub",
    "synonyms": [
      "tub",
      "Bath tub",
      "Bathing tub"
    ]
  },
  {
    "value": "chair",
    "synonyms": [
      "chair",
      "ergonomic chair"
    ]
  },
  {
    "value": "desk",
    "synonyms": [
      "desk",
      "working desk",
      "writing desk"
    ]
  },
  {
    "value": "iron",
    "synonyms": [
      "iron",
      "ironing board"
    ]
  },
  {
    "value": "air condition",
    "synonyms": [
      "air condition",
      "A/C Controls"
    ]
  },
  {
    "value": "cooking appliance",
    "synonyms": [
      "cooking appliance",
      "microwave",
      "Gas range",
      "Stove",
      "burner"
    ]
  },
  {
    "value": "heating",
    "synonyms": [
      "heating",
      "in-room heating"
    ]
  },
  {
    "value": "shades",
    "synonyms": [
      "shades",
      "Black-out Shades"
    ]
  },
  {
    "value": "Fireplace",
    "synonyms": [
      "Fireplace",
      "fire place"
    ]
  },
  {
    "value": "kitchenette",
    "synonyms": [
      "kitchenette",
      "cooking utensils"
    ]
  }
]