[
  {
    "value": "GuestList",
    "synonyms": [
      "GuestList",
      "Guest List",
      "Guests",
      "guests"
    ]
  },
  {
    "value": "PrivateParty",
    "synonyms": [
      "PrivateParty",
      "Private Party",
      "Private Hall",
      "Banquet",
      "Banquet Hall",
      "BanquetHall",
      "Birthday party",
      "Bachelors party",
      "Bachelor\u0027s party",
      "Hall",
      "Party Hall",
      "PartyHall",
      "Private Party Hall"
    ]
  },
  {
    "value": "Bar",
    "synonyms": [
      "Bar"
    ]
  },
  {
    "value": "Table",
    "synonyms": [
      "Table",
      "Table Service",
      "Restaurant",
      "Dinner reservation",
      "Dinner"
    ]
  },
  {
    "value": "Bottle",
    "synonyms": [
      "Bottle Service",
      "Bottle",
      "BottleService",
      "bottle"
    ]
  },
  {
    "value": "Party",
    "synonyms": [
      "Party"
    ]
  }
]