[
  {
    "value": "drama",
    "synonyms": [
      "drama"
    ]
  },
  {
    "value": "detective",
    "synonyms": [
      "detective"
    ]
  },
  {
    "value": "fantasy",
    "synonyms": [
      "fantasy"
    ]
  },
  {
    "value": "adventure",
    "synonyms": [
      "Adventure"
    ]
  },
  {
    "value": "cartoons",
    "synonyms": [
      "cartoons"
    ]
  },
  {
    "value": "black comedy",
    "synonyms": [
      "black comedy",
      "black comedies"
    ]
  },
  {
    "value": "animation",
    "synonyms": [
      "animation"
    ]
  },
  {
    "value": "documentary",
    "synonyms": [
      "documentary"
    ]
  },
  {
    "value": "film noir",
    "synonyms": [
      "film noir"
    ]
  },
  {
    "value": "western",
    "synonyms": [
      "western",
      "westerns"
    ]
  },
  {
    "value": "fiction",
    "synonyms": [
      "fiction"
    ]
  },
  {
    "value": "chrime",
    "synonyms": [
      "chrime"
    ]
  },
  {
    "value": "comedy",
    "synonyms": [
      "comedy",
      "comedies"
    ]
  },
  {
    "value": "melodrama",
    "synonyms": [
      "melodrama",
      "melodramas"
    ]
  },
  {
    "value": "action",
    "synonyms": [
      "action"
    ]
  },
  {
    "value": "romantic comedy",
    "synonyms": [
      "romantic comedy",
      "romantic comedies"
    ]
  },
  {
    "value": "anime",
    "synonyms": [
      "anime"
    ]
  },
  {
    "value": "movie",
    "synonyms": [
      "movie",
      "movies"
    ]
  },
  {
    "value": "prank",
    "synonyms": [
      "prank"
    ]
  },
  {
    "value": "short movie",
    "synonyms": [
      "short movie",
      "short movies"
    ]
  },
  {
    "value": "horror",
    "synonyms": [
      "horror"
    ]
  },
  {
    "value": "sports",
    "synonyms": [
      "sports",
      "sport"
    ]
  },
  {
    "value": "family",
    "synonyms": [
      "family"
    ]
  },
  {
    "value": "thriller",
    "synonyms": [
      "thriller",
      "thrillers"
    ]
  },
  {
    "value": "bsurdist",
    "synonyms": [
      "Absurdist",
      "surreal",
      "whimsical"
    ]
  },
  {
    "value": "romantic",
    "synonyms": [
      "romantic",
      "love"
    ]
  }
]