[
  {
    "value": "hair items",
    "synonyms": [
      "shampoo",
      "Cleanser",
      "Conditioner",
      "hair oil",
      "hair spray",
      "comb",
      "dryer",
      "hair dryer",
      "hair gel",
      "shampo",
      "sampoo"
    ]
  },
  {
    "value": "skin items",
    "synonyms": [
      "Body wash",
      "Moisturizer",
      "Face Wash",
      "Facial",
      "body lotion",
      "body spray",
      "face crean",
      "body lotion",
      "body cream",
      "body spray",
      "deodorant",
      "soap",
      "body soap"
    ]
  },
  {
    "value": "dental items",
    "synonyms": [
      "Toothbrush",
      "floss dental floss",
      "mouth wash"
    ]
  },
  {
    "value": "shaving items",
    "synonyms": [
      "Razor",
      "shaving cream",
      "shaving gel"
    ]
  },
  {
    "value": "cotton",
    "synonyms": [
      "cotton",
      "q-tips",
      "cotton pads"
    ]
  },
  {
    "value": "Sanitary",
    "synonyms": [
      "Sanitary",
      "Sanitary pads"
    ]
  },
  {
    "value": "towel",
    "synonyms": [
      "towel",
      "hand towel"
    ]
  },
  {
    "value": "restaurants",
    "synonyms": [
      "restaurants"
    ]
  }
]