{
  "intents": [
    {
      "intent": "FacilityDistance",
      "slots": [
        {
          "name": "langelementsslot",
          "type": "LANGELEMENTS"
        },
        {
          "name": "commonentitiesslot",
          "type": "COMMONENTITIES"
        },
        {
          "name": "placeslot",
          "type": "PLACE"
        }
      ]
    },
    {
      "intent": "FacilitiesTimings",
      "slots": [
        {
          "name": "openclosingtimesslot",
          "type": "OPENCLOSINGTIMES"
        },
        {
          "name": "facilitiesslot",
          "type": "FACILITIES"
        },
        {
          "name": "actionsslot",
          "type": "ACTIONS"
        },
        {
          "name": "datetimeslot",
          "type": "AMAZON.DATE"
        },
        {
          "name": "eatndrinkslot",
          "type": "EATNDRINK"
        },
        {
          "name": "langelementsslot",
          "type": "LANGELEMENTS"
        },
        {
          "name": "dateslot",
          "type": "AMAZON.DATE"
        }
      ]
    },
    {
      "intent": "Reservationdate",
      "slots": [
        {
          "name": "dateslot",
          "type": "AMAZON.DATE"
        }
      ]
    },
    {
      "intent": "CountOfFacilities",
      "slots": [
        {
          "name": "langelementsslot",
          "type": "LANGELEMENTS"
        },
        {
          "name": "facilitiesslot",
          "type": "FACILITIES"
        },
        {
          "name": "commonentitiesslot",
          "type": "COMMONENTITIES"
        }
      ]
    },
    {
      "intent": "AgePolicy",
      "slots": [
        {
          "name": "criteriaslot",
          "type": "CRITERIA"
        },
        {
          "name": "actionsslot",
          "type": "ACTIONS"
        },
        {
          "name": "commonentitiesslot",
          "type": "COMMONENTITIES"
        },
        {
          "name": "langelementsslot",
          "type": "LANGELEMENTS"
        }
      ]
    },
    {
      "intent": "HotelGeneral",
      "slots": [
        {
          "name": "commonentitiesslot",
          "type": "COMMONENTITIES"
        },
        {
          "name": "langelementsslot",
          "type": "LANGELEMENTS"
        },
        {
          "name": "roomamenitiesslot",
          "type": "ROOMAMENITIES"
        },
        {
          "name": "itemslot",
          "type": "ITEM"
        },
        {
          "name": "actionsslot",
          "type": "ACTIONS"
        },
        {
          "name": "toilettesslot",
          "type": "TOILETTES"
        },
        {
          "name": "facilitiesslot",
          "type": "FACILITIES"
        },
        {
          "name": "proximityslot",
          "type": "PROXIMITY"
        },
        {
          "name": "eatndrinkslot",
          "type": "EATNDRINK"
        },
        {
          "name": "inroommediaslot",
          "type": "INROOMMEDIA"
        }
      ]
    },
    {
      "intent": "ShuttleService",
      "slots": [
        {
          "name": "langelementsslot",
          "type": "LANGELEMENTS"
        },
        {
          "name": "shuttleserviceslot",
          "type": "SHUTTLESERVICE"
        },
        {
          "name": "placeslot",
          "type": "PLACE"
        },
        {
          "name": "commonentitiesslot",
          "type": "COMMONENTITIES"
        }
      ]
    },
    {
      "intent": "SmalltalkGreetingsHello"
    },
    {
      "intent": "Specials",
      "slots": [
        {
          "name": "deals_specialsslot",
          "type": "DEALS_SPECIALS"
        },
        {
          "name": "dateperiodslot",
          "type": "AMAZON.DATE"
        },
        {
          "name": "dealtypeslot",
          "type": "DEALTYPE"
        },
        {
          "name": "langelementsslot",
          "type": "LANGELEMENTS"
        },
        {
          "name": "dateslot",
          "type": "AMAZON.DATE"
        }
      ]
    },
    {
      "intent": "FreeFacilities",
      "slots": [
        {
          "name": "criteriaslot",
          "type": "CRITERIA"
        },
        {
          "name": "inroommediaslot",
          "type": "INROOMMEDIA"
        },
        {
          "name": "roomamenitiesslot",
          "type": "ROOMAMENITIES"
        },
        {
          "name": "langelementsslot",
          "type": "LANGELEMENTS"
        },
        {
          "name": "facilitiesslot",
          "type": "FACILITIES"
        },
        {
          "name": "costslot",
          "type": "COST"
        },
        {
          "name": "eatndrinkslot",
          "type": "EATNDRINK"
        },
        {
          "name": "commonentitiesslot",
          "type": "COMMONENTITIES"
        }
      ]
    },
    {
      "intent": "Charges?",
      "slots": [
        {
          "name": "chargetypeslot",
          "type": "CHARGETYPE"
        },
        {
          "name": "langelementsslot",
          "type": "LANGELEMENTS"
        },
        {
          "name": "commonentitiesslot",
          "type": "COMMONENTITIES"
        },
        {
          "name": "identity_nounslot",
          "type": "IDENTITY_NOUN"
        }
      ]
    },
    {
      "intent": "EnquireAboutAFacilityCustom",
      "slots": [
        {
          "name": "commonentitiesslot",
          "type": "COMMONENTITIES"
        },
        {
          "name": "langelementsslot",
          "type": "LANGELEMENTS"
        },
        {
          "name": "criteriaslot",
          "type": "CRITERIA"
        },
        {
          "name": "userinfoslot",
          "type": "USERINFO"
        },
        {
          "name": "costslot",
          "type": "COST"
        },
        {
          "name": "openclosingtimesslot",
          "type": "OPENCLOSINGTIMES"
        }
      ]
    },
    {
      "intent": "AddressAndLocation",
      "slots": [
        {
          "name": "commonentitiesslot",
          "type": "COMMONENTITIES"
        },
        {
          "name": "facilitiesslot",
          "type": "FACILITIES"
        },
        {
          "name": "langelementsslot",
          "type": "LANGELEMENTS"
        }
      ]
    },
    {
      "intent": "EnquireAboutAFacility",
      "slots": [
        {
          "name": "facilitiesslot",
          "type": "FACILITIES"
        },
        {
          "name": "commonentitiesslot",
          "type": "COMMONENTITIES"
        },
        {
          "name": "langelementsslot",
          "type": "LANGELEMENTS"
        },
        {
          "name": "itemslot",
          "type": "ITEM"
        },
        {
          "name": "actionsslot",
          "type": "ACTIONS"
        }
      ]
    },
    {
      "intent": "Reservation",
      "slots": [
        {
          "name": "commonentitiesslot",
          "type": "COMMONENTITIES"
        },
        {
          "name": "langelementsslot",
          "type": "LANGELEMENTS"
        },
        {
          "name": "actionsslot",
          "type": "ACTIONS"
        },
        {
          "name": "servicetypeslot",
          "type": "SERVICETYPE"
        },
        {
          "name": "dateslot",
          "type": "AMAZON.DATE"
        },
        {
          "name": "numberslot",
          "type": "AMAZON.NUMBER"
        },
        {
          "name": "eventtypeslot",
          "type": "EVENTTYPE"
        }
      ]
    },
    {
      "intent": "RestaurantMenu",
      "slots": [
        {
          "name": "langelementsslot",
          "type": "LANGELEMENTS"
        },
        {
          "name": "actionsslot",
          "type": "ACTIONS"
        },
        {
          "name": "eatndrinkslot",
          "type": "EATNDRINK"
        },
        {
          "name": "itemslot",
          "type": "ITEM"
        },
        {
          "name": "dateperiodslot",
          "type": "AMAZON.DATE"
        },
        {
          "name": "commonentitiesslot",
          "type": "COMMONENTITIES"
        }
      ]
    },
    {
      "intent": "Temperature",
      "slots": [
        {
          "name": "commonentitiesslot",
          "type": "COMMONENTITIES"
        },
        {
          "name": "facilitiesslot",
          "type": "FACILITIES"
        },
        {
          "name": "langelementsslot",
          "type": "LANGELEMENTS"
        }
      ]
    },
    {
      "intent": "Charger",
      "slots": [
        {
          "name": "langelementsslot",
          "type": "LANGELEMENTS"
        },
        {
          "name": "itemslot",
          "type": "ITEM"
        },
        {
          "name": "deviceslot",
          "type": "DEVICE"
        },
        {
          "name": "commonentitiesslot",
          "type": "COMMONENTITIES"
        }
      ]
    },
    {
      "intent": "WifiInfo",
      "slots": [
        {
          "name": "facilitiesslot",
          "type": "FACILITIES"
        },
        {
          "name": "userinfoslot",
          "type": "USERINFO"
        },
        {
          "name": "langelementsslot",
          "type": "LANGELEMENTS"
        }
      ]
    },
    {
      "intent": "ChannelLineup",
      "slots": [
        {
          "name": "showgenreslot",
          "type": "SHOWGENRE"
        },
        {
          "name": "channelsslot",
          "type": "CHANNELS"
        },
        {
          "name": "langelementsslot",
          "type": "LANGELEMENTS"
        },
        {
          "name": "commonentitiesslot",
          "type": "COMMONENTITIES"
        }
      ]
    },
    {
      "intent": "WhatIsYourName?",
      "slots": [
        {
          "name": "langelementsslot",
          "type": "LANGELEMENTS"
        },
        {
          "name": "userinfoslot",
          "type": "USERINFO"
        }
      ]
    },
    {
      "intent": "Events",
      "slots": [
        {
          "name": "langelementsslot",
          "type": "LANGELEMENTS"
        },
        {
          "name": "eventtypeslot",
          "type": "EVENTTYPE"
        },
        {
          "name": "actionsslot",
          "type": "ACTIONS"
        },
        {
          "name": "itemslot",
          "type": "ITEM"
        },
        {
          "name": "eatndrinkslot",
          "type": "EATNDRINK"
        },
        {
          "name": "dateslot",
          "type": "AMAZON.DATE"
        },
        {
          "name": "commonentitiesslot",
          "type": "COMMONENTITIES"
        }
      ]
    },
    {
      "intent": "PetPolicy",
      "slots": [
        {
          "name": "commonentitiesslot",
          "type": "COMMONENTITIES"
        },
        {
          "name": "langelementsslot",
          "type": "LANGELEMENTS"
        }
      ]
    },
    {
      "intent": "Servicetype",
      "slots": [
        {
          "name": "servicetypeslot",
          "type": "SERVICETYPE"
        },
        {
          "name": "eventtypeslot",
          "type": "EVENTTYPE"
        }
      ]
    },
    {
      "intent": "Restart"
    },
    {
      "intent": "Amenities",
      "slots": [
        {
          "name": "langelementsslot",
          "type": "LANGELEMENTS"
        }
      ]
    }
  ]
}