[
  {
    "id": "bf6bf153-38c4-49a5-847a-4325be4ed9fe",
    "data": [
      {
        "text": "what is your ",
        "userDefined": false
      },
      {
        "text": "min",
        "alias": "criteria",
        "meta": "@criteria",
        "userDefined": false
      },
      {
        "text": "  ",
        "userDefined": false
      },
      {
        "text": "check in",
        "alias": "actions",
        "meta": "@Actions",
        "userDefined": false
      },
      {
        "text": " ",
        "userDefined": false
      },
      {
        "text": "age",
        "alias": "common-entities",
        "meta": "@common-entities",
        "userDefined": false
      }
    ],
    "isTemplate": false,
    "count": 0,
    "updated": 1532031906
  },
  {
    "id": "1235a4bf-7b67-4f41-90b1-c33344bca1fa",
    "data": [
      {
        "text": "age policy",
        "alias": "common-entities",
        "meta": "@common-entities",
        "userDefined": false
      }
    ],
    "isTemplate": false,
    "count": 0,
    "updated": 1532031906
  },
  {
    "id": "4a5cafdc-ad0a-4d7e-a96d-3dc2de655be4",
    "data": [
      {
        "text": "is there any ",
        "userDefined": false
      },
      {
        "text": "age",
        "alias": "common-entities",
        "meta": "@common-entities",
        "userDefined": false
      },
      {
        "text": " ",
        "userDefined": false
      },
      {
        "text": "restriction",
        "alias": "criteria",
        "meta": "@criteria",
        "userDefined": false
      }
    ],
    "isTemplate": false,
    "count": 0,
    "updated": 1532031906
  },
  {
    "id": "391874d9-adcb-49f2-a970-98fc44bf9331",
    "data": [
      {
        "text": "what is your ",
        "userDefined": false
      },
      {
        "text": "age policy",
        "alias": "common-entities",
        "meta": "@common-entities",
        "userDefined": false
      }
    ],
    "isTemplate": false,
    "count": 1,
    "updated": 1532031906
  },
  {
    "id": "341f7efc-6499-4599-88ea-446de2b66220",
    "data": [
      {
        "text": "minimum",
        "alias": "criteria",
        "meta": "@criteria",
        "userDefined": false
      },
      {
        "text": " ",
        "userDefined": false
      },
      {
        "text": "age",
        "alias": "common-entities",
        "meta": "@common-entities",
        "userDefined": false
      },
      {
        "text": " to ",
        "userDefined": false
      },
      {
        "text": "check-in",
        "alias": "actions",
        "meta": "@Actions",
        "userDefined": true
      }
    ],
    "isTemplate": false,
    "count": 0,
    "updated": 1532031906
  },
  {
    "id": "0fa220f6-570c-44ea-8f62-b382eb1e9d92",
    "data": [
      {
        "text": "min",
        "alias": "criteria",
        "meta": "@criteria",
        "userDefined": false
      },
      {
        "text": " ",
        "userDefined": false
      },
      {
        "text": "age",
        "alias": "common-entities",
        "meta": "@common-entities",
        "userDefined": false
      },
      {
        "text": " to ",
        "userDefined": false
      },
      {
        "text": "checkin",
        "alias": "actions",
        "meta": "@Actions",
        "userDefined": true
      }
    ],
    "isTemplate": false,
    "count": 0,
    "updated": 1532031906
  },
  {
    "id": "f261ff54-c3bd-47dd-8cfd-dc3e1d27ef6a",
    "data": [
      {
        "text": "min",
        "alias": "criteria",
        "meta": "@criteria",
        "userDefined": false
      },
      {
        "text": " ",
        "userDefined": false
      },
      {
        "text": "age",
        "alias": "common-entities",
        "meta": "@common-entities",
        "userDefined": false
      },
      {
        "text": " to ",
        "userDefined": false
      },
      {
        "text": "play",
        "alias": "actions",
        "meta": "@Actions",
        "userDefined": false
      }
    ],
    "isTemplate": false,
    "count": 1,
    "updated": 1532031906
  },
  {
    "id": "9b1111d5-54c1-4315-bb12-6d63700eb097",
    "data": [
      {
        "text": "age limit",
        "alias": "common-entities",
        "meta": "@common-entities",
        "userDefined": false
      }
    ],
    "isTemplate": false,
    "count": 1,
    "updated": 1532031906
  }
]