[
  {
    "id": "14fdd77e-c695-45c4-bc12-5a6f0930d32a",
    "data": [
      {
        "text": "List of Amenities",
        "userDefined": false
      }
    ],
    "isTemplate": false,
    "count": 0,
    "updated": 1519022865
  },
  {
    "id": "0d0ffe64-d5e3-4451-9962-11a2a3fae205",
    "data": [
      {
        "text": "What are the Amenities?",
        "userDefined": false
      }
    ],
    "isTemplate": false,
    "count": 0,
    "updated": 1519022865
  },
  {
    "id": "2d257ae8-5f62-41d0-bf6e-8569de13cefd",
    "data": [
      {
        "text": "Amenities please.",
        "userDefined": false
      }
    ],
    "isTemplate": false,
    "count": 0,
    "updated": 1519022865
  },
  {
    "id": "ff94a97f-1432-477a-9581-d63ebf2f4db6",
    "data": [
      {
        "text": "What amenities are there in your hotel?",
        "userDefined": false
      }
    ],
    "isTemplate": false,
    "count": 0,
    "updated": 1519022865
  }
]