[
  {
    "id": "20b9bc3d-d1f2-46d3-98f5-6e07d0fa296d",
    "data": [
      {
        "text": "sport",
        "alias": "show-genre",
        "meta": "@show-genre",
        "userDefined": false
      },
      {
        "text": " ",
        "userDefined": false
      },
      {
        "text": "channel",
        "alias": "channelName",
        "meta": "@Channels",
        "userDefined": false
      },
      {
        "text": "?",
        "userDefined": false
      }
    ],
    "isTemplate": false,
    "count": 0,
    "updated": 1533696945
  },
  {
    "id": "bf6233fb-3f4c-45be-a7ca-36d0c76dd884",
    "data": [
      {
        "text": "channel",
        "alias": "channels",
        "meta": "@Channels",
        "userDefined": false
      },
      {
        "text": " of ",
        "userDefined": false
      },
      {
        "text": "HBO",
        "alias": "channelName",
        "meta": "@Channels",
        "userDefined": false
      },
      {
        "text": "?",
        "userDefined": false
      }
    ],
    "isTemplate": false,
    "count": 0,
    "updated": 1533696945
  },
  {
    "id": "1e91056b-0226-43a5-b726-46282d0c5498",
    "data": [
      {
        "text": "what is ",
        "userDefined": false
      },
      {
        "text": "your",
        "alias": "lang-elements",
        "meta": "@lang-elements",
        "userDefined": false
      },
      {
        "text": " ",
        "userDefined": false
      },
      {
        "text": "channel lineup",
        "alias": "channels",
        "meta": "@Channels",
        "userDefined": false
      }
    ],
    "isTemplate": false,
    "count": 0,
    "updated": 1533696945
  },
  {
    "id": "275b1a50-8e7b-4637-a69c-e2f944dd06f5",
    "data": [
      {
        "text": "where ",
        "userDefined": false
      },
      {
        "text": "can I",
        "alias": "lang-elements",
        "meta": "@lang-elements",
        "userDefined": false
      },
      {
        "text": " see ",
        "userDefined": false
      },
      {
        "text": "horror",
        "alias": "show-genre",
        "meta": "@show-genre",
        "userDefined": false
      }
    ],
    "isTemplate": false,
    "count": 0,
    "updated": 1533696945
  },
  {
    "id": "f40e30b9-c5a4-40db-95df-b45bb4ed62ae",
    "data": [
      {
        "text": "Where is",
        "alias": "common-entities",
        "meta": "@common-entities",
        "userDefined": false
      },
      {
        "text": " ",
        "userDefined": false
      },
      {
        "text": "ESPN",
        "alias": "channels",
        "meta": "@Channels",
        "userDefined": false
      }
    ],
    "isTemplate": false,
    "count": 0,
    "updated": 1533696945
  },
  {
    "id": "cc8dd8bc-9fd4-43a6-858d-c78a60dbc37c",
    "data": [
      {
        "text": "where ",
        "userDefined": false
      },
      {
        "text": "can I",
        "alias": "lang-elements",
        "meta": "@lang-elements",
        "userDefined": false
      },
      {
        "text": " watch ",
        "userDefined": false
      },
      {
        "text": "movies",
        "alias": "show-genre",
        "meta": "@show-genre",
        "userDefined": false
      }
    ],
    "isTemplate": false,
    "count": 0,
    "updated": 1533696945
  },
  {
    "id": "1acc67f4-ced2-4127-aba8-d0ddd0f879d6",
    "data": [
      {
        "text": "which ",
        "userDefined": false
      },
      {
        "text": "channel",
        "alias": "channelType",
        "meta": "@Channels",
        "userDefined": false
      },
      {
        "text": " has ",
        "userDefined": false
      },
      {
        "text": "sports",
        "alias": "show-genre",
        "meta": "@show-genre",
        "userDefined": false
      }
    ],
    "isTemplate": false,
    "count": 0,
    "updated": 1533696945
  },
  {
    "id": "fec0f776-2a0d-4244-a5f6-fad270e6b15a",
    "data": [
      {
        "text": "Do you have ",
        "userDefined": false
      },
      {
        "text": "HBO",
        "alias": "channelName",
        "meta": "@Channels",
        "userDefined": false
      },
      {
        "text": "?",
        "userDefined": false
      }
    ],
    "isTemplate": false,
    "count": 0,
    "updated": 1533696945
  },
  {
    "id": "9eddc29f-b03c-4503-9016-f4b2de6b29ea",
    "data": [
      {
        "text": "which are ",
        "userDefined": false
      },
      {
        "text": "movie",
        "alias": "show-genre",
        "meta": "@show-genre",
        "userDefined": false
      },
      {
        "text": " ",
        "userDefined": false
      },
      {
        "text": "channels",
        "alias": "channels",
        "meta": "@Channels",
        "userDefined": false
      }
    ],
    "isTemplate": false,
    "count": 0,
    "updated": 1533696945
  },
  {
    "id": "b5d69632-64fc-4330-9bda-a7f228d596f0",
    "data": [
      {
        "text": "premium channels",
        "alias": "channels",
        "meta": "@Channels",
        "userDefined": false
      },
      {
        "text": "?",
        "userDefined": false
      }
    ],
    "isTemplate": false,
    "count": 0,
    "updated": 1533696945
  },
  {
    "id": "d2184ac3-0608-40ab-8f23-b7fd3d34fc96",
    "data": [
      {
        "text": "what",
        "alias": "lang-elements",
        "meta": "@lang-elements",
        "userDefined": false
      },
      {
        "text": " ",
        "userDefined": false
      },
      {
        "text": "channels",
        "alias": "channels",
        "meta": "@Channels",
        "userDefined": true
      },
      {
        "text": " you have",
        "userDefined": false
      }
    ],
    "isTemplate": false,
    "count": 0,
    "updated": 1533696945
  },
  {
    "id": "cefacb5b-a39f-4138-ad08-6f1965598d65",
    "data": [
      {
        "text": "Which ",
        "userDefined": false
      },
      {
        "text": "channel",
        "alias": "channels",
        "meta": "@Channels",
        "userDefined": false
      },
      {
        "text": " is ",
        "userDefined": false
      },
      {
        "text": "HBO",
        "alias": "channelName",
        "meta": "@Channels",
        "userDefined": false
      },
      {
        "text": "?",
        "userDefined": false
      }
    ],
    "isTemplate": false,
    "count": 0,
    "updated": 1533696945
  },
  {
    "id": "8d690fdb-693e-493b-a32b-0d07d3620f61",
    "data": [
      {
        "text": "ESPN",
        "alias": "channelName",
        "meta": "@Channels",
        "userDefined": false
      },
      {
        "text": "?",
        "userDefined": false
      }
    ],
    "isTemplate": false,
    "count": 0,
    "updated": 1533696945
  },
  {
    "id": "991cc981-ee59-4bbd-8afb-b10f765842f8",
    "data": [
      {
        "text": "what",
        "alias": "lang-elements",
        "meta": "@lang-elements",
        "userDefined": false
      },
      {
        "text": " ",
        "userDefined": false
      },
      {
        "text": "premium channels",
        "alias": "channels",
        "meta": "@Channels",
        "userDefined": false
      },
      {
        "text": " you have",
        "userDefined": false
      }
    ],
    "isTemplate": false,
    "count": 0,
    "updated": 1533696945
  },
  {
    "id": "9e04ecdf-d554-4d68-b5d5-58a5b8299706",
    "data": [
      {
        "text": "where ",
        "userDefined": false
      },
      {
        "text": "can I",
        "alias": "lang-elements",
        "meta": "@lang-elements",
        "userDefined": false
      },
      {
        "text": " see ",
        "userDefined": false
      },
      {
        "text": "action",
        "alias": "show-genre",
        "meta": "@show-genre",
        "userDefined": false
      },
      {
        "text": " ",
        "userDefined": false
      },
      {
        "text": "movies",
        "alias": "show-genre",
        "meta": "@show-genre",
        "userDefined": false
      }
    ],
    "isTemplate": false,
    "count": 0,
    "updated": 1533696945
  },
  {
    "id": "88fecd71-46a0-4813-8e43-ad18f784e4d0",
    "data": [
      {
        "text": "HBO",
        "alias": "channelName",
        "meta": "@Channels",
        "userDefined": false
      },
      {
        "text": "?",
        "userDefined": false
      }
    ],
    "isTemplate": false,
    "count": 0,
    "updated": 1533696945
  },
  {
    "id": "62a634dc-c609-4410-872b-4316528bc9e0",
    "data": [
      {
        "text": "what is the ",
        "userDefined": false
      },
      {
        "text": "channel",
        "alias": "channels",
        "meta": "@Channels",
        "userDefined": false
      },
      {
        "text": " of ",
        "userDefined": false
      },
      {
        "text": "ESPN",
        "alias": "channelName",
        "meta": "@Channels",
        "userDefined": false
      },
      {
        "text": "?",
        "userDefined": false
      }
    ],
    "isTemplate": false,
    "count": 0,
    "updated": 1533696945
  },
  {
    "id": "26dd37c7-efb5-41d0-a689-2c2e88c4e396",
    "data": [
      {
        "text": "DO you have ",
        "userDefined": false
      },
      {
        "text": "ESPN",
        "alias": "channelName",
        "meta": "@Channels",
        "userDefined": false
      },
      {
        "text": "?",
        "userDefined": false
      }
    ],
    "isTemplate": false,
    "count": 0,
    "updated": 1533696945
  }
]