[
  {
    "id": "afd77c50-f171-4e8a-84a8-377f2363719f",
    "data": [
      {
        "text": "do you have ",
        "userDefined": false
      },
      {
        "text": "cover charge",
        "alias": "chargeType",
        "meta": "@ChargeType",
        "userDefined": false
      }
    ],
    "isTemplate": false,
    "count": 0,
    "updated": 1523755159
  },
  {
    "id": "9ad72ddf-c8cb-42f6-9b87-51994ec4dffc",
    "data": [
      {
        "text": "What is your ",
        "userDefined": false
      },
      {
        "text": "covercharge",
        "alias": "chargeType",
        "meta": "@ChargeType",
        "userDefined": false
      }
    ],
    "isTemplate": false,
    "count": 0,
    "updated": 1523755159
  },
  {
    "id": "14ef8c81-63e1-4eac-96da-8c03b08a0dcc",
    "data": [
      {
        "text": "do you ",
        "userDefined": false
      },
      {
        "text": "fast lane",
        "alias": "chargeType",
        "meta": "@ChargeType",
        "userDefined": false
      }
    ],
    "isTemplate": false,
    "count": 0,
    "updated": 1523755159
  },
  {
    "id": "d0305152-dd0f-4e4f-b57b-210f96ee32fb",
    "data": [
      {
        "text": "do you have ",
        "userDefined": false
      },
      {
        "text": "fastlane charge",
        "alias": "chargeType",
        "meta": "@ChargeType",
        "userDefined": false
      }
    ],
    "isTemplate": false,
    "count": 0,
    "updated": 1523755159
  },
  {
    "id": "69b8beb8-a703-4911-a31c-cadd6d6fb977",
    "data": [
      {
        "text": "What is your ",
        "userDefined": false
      },
      {
        "text": "cover charge",
        "alias": "chargeType",
        "meta": "@ChargeType",
        "userDefined": false
      }
    ],
    "isTemplate": false,
    "count": 0,
    "updated": 1523755159
  },
  {
    "id": "e79b5f92-60cf-4582-aebe-55102ecf0353",
    "data": [
      {
        "text": "Cover charge",
        "alias": "chargeType",
        "meta": "@ChargeType",
        "userDefined": false
      },
      {
        "text": " please",
        "userDefined": false
      }
    ],
    "isTemplate": false,
    "count": 0,
    "updated": 1523755159
  },
  {
    "id": "960e756d-4f6e-4a70-8b1b-cf4660434974",
    "data": [
      {
        "text": "How much is ",
        "userDefined": false
      },
      {
        "text": "cover charge",
        "alias": "chargeType",
        "meta": "@ChargeType",
        "userDefined": false
      }
    ],
    "isTemplate": false,
    "count": 0,
    "updated": 1523755159
  }
]