[
  {
    "id": "24dbbc80-d0f5-491b-be48-ba38c2c56654",
    "data": [
      {
        "text": "Number of",
        "alias": "count",
        "meta": "@lang-elements",
        "userDefined": false
      },
      {
        "text": " ",
        "userDefined": false
      },
      {
        "text": "pools",
        "alias": "facilities",
        "meta": "@Facilities",
        "userDefined": false
      }
    ],
    "isTemplate": false,
    "count": 0,
    "updated": 1532628887
  },
  {
    "id": "156207ce-8121-4d93-865c-fb8924662cff",
    "data": [
      {
        "text": "Number of",
        "alias": "count",
        "meta": "@lang-elements",
        "userDefined": false
      },
      {
        "text": " ",
        "userDefined": false
      },
      {
        "text": "SPAs",
        "alias": "facilities",
        "meta": "@Facilities",
        "userDefined": false
      },
      {
        "text": " in ",
        "userDefined": false
      },
      {
        "text": "your",
        "meta": "@sys.ignore",
        "userDefined": false
      },
      {
        "text": " hotel",
        "userDefined": false
      }
    ],
    "isTemplate": false,
    "count": 0,
    "updated": 1532628887
  },
  {
    "id": "f29ec8fc-14e6-416f-bf6d-22bae2087122",
    "data": [
      {
        "text": "How many",
        "alias": "count",
        "meta": "@lang-elements",
        "userDefined": true
      },
      {
        "text": " ",
        "userDefined": false
      },
      {
        "text": "GYM",
        "alias": "facilities",
        "meta": "@Facilities",
        "userDefined": false
      },
      {
        "text": " you have",
        "userDefined": false
      }
    ],
    "isTemplate": false,
    "count": 0,
    "updated": 1532628887
  },
  {
    "id": "d43ba0f9-d0bb-419a-b6ff-8e79c9343c4c",
    "data": [
      {
        "text": "How many",
        "alias": "count",
        "meta": "@lang-elements",
        "userDefined": true
      },
      {
        "text": " ",
        "userDefined": false
      },
      {
        "text": "sauna",
        "alias": "facilities",
        "meta": "@Facilities",
        "userDefined": true
      },
      {
        "text": " you have",
        "userDefined": false
      }
    ],
    "isTemplate": false,
    "count": 0,
    "updated": 1532628887
  },
  {
    "id": "b1001d2d-a0e1-43bc-a05d-8bd3513da932",
    "data": [
      {
        "text": "How many",
        "alias": "count",
        "meta": "@lang-elements",
        "userDefined": true
      },
      {
        "text": " ",
        "userDefined": false
      },
      {
        "text": "restaurants",
        "alias": "facilities",
        "meta": "@Facilities",
        "userDefined": true
      },
      {
        "text": " you have?",
        "userDefined": false
      }
    ],
    "isTemplate": false,
    "count": 0,
    "updated": 1532628887
  },
  {
    "id": "67a49050-8461-4451-8245-3096935558de",
    "data": [
      {
        "text": "How many",
        "alias": "count",
        "meta": "@lang-elements",
        "userDefined": true
      },
      {
        "text": " ",
        "userDefined": false
      },
      {
        "text": "pools",
        "alias": "facilities",
        "meta": "@Facilities",
        "userDefined": true
      },
      {
        "text": " you have?",
        "userDefined": false
      }
    ],
    "isTemplate": false,
    "count": 0,
    "updated": 1532628887
  },
  {
    "id": "c2dff475-35cd-45e4-8f08-83d3d98dd9d3",
    "data": [
      {
        "text": "How many",
        "alias": "count",
        "meta": "@lang-elements",
        "userDefined": true
      },
      {
        "text": " ",
        "userDefined": false
      },
      {
        "text": "SPA",
        "alias": "facilities",
        "meta": "@Facilities",
        "userDefined": true
      },
      {
        "text": " you have?",
        "userDefined": false
      }
    ],
    "isTemplate": false,
    "count": 0,
    "updated": 1532628887
  }
]