[
  {
    "id": "a4102808-14af-4b9d-991b-63fc52d908c0",
    "data": [
      {
        "text": "on ",
        "userDefined": false
      },
      {
        "text": "which floor",
        "alias": "address",
        "meta": "@common-entities",
        "userDefined": true
      },
      {
        "text": " ",
        "userDefined": false
      },
      {
        "text": "it",
        "alias": "facilityRef",
        "meta": "@lang-elements",
        "userDefined": true
      },
      {
        "text": " is",
        "userDefined": false
      }
    ],
    "isTemplate": false,
    "count": 0,
    "updated": 1532671093
  },
  {
    "id": "13cd260f-2d53-43dc-8128-8623612cf08c",
    "data": [
      {
        "text": "where is ",
        "userDefined": false
      },
      {
        "text": "it",
        "alias": "facilityRef",
        "meta": "@lang-elements",
        "userDefined": true
      },
      {
        "text": " ",
        "userDefined": false
      },
      {
        "text": "located",
        "alias": "address",
        "meta": "@common-entities",
        "userDefined": false
      }
    ],
    "isTemplate": false,
    "count": 0,
    "updated": 1532671093
  },
  {
    "id": "e6c6f07a-9549-4898-8765-a5da961d7c1a",
    "data": [
      {
        "text": "where is",
        "alias": "address",
        "meta": "@common-entities",
        "userDefined": true
      },
      {
        "text": " ",
        "userDefined": false
      },
      {
        "text": "it",
        "alias": "facilityRef",
        "meta": "@lang-elements",
        "userDefined": true
      }
    ],
    "isTemplate": false,
    "count": 0,
    "updated": 1532671093
  },
  {
    "id": "de91ae82-3620-49e9-8caa-c553e65d4945",
    "data": [
      {
        "text": "what is ",
        "userDefined": false
      },
      {
        "text": "its sqft",
        "alias": "size",
        "meta": "@criteria",
        "userDefined": true
      }
    ],
    "isTemplate": false,
    "count": 0,
    "updated": 1532671093
  },
  {
    "id": "97072bdd-24d8-4feb-905d-3154ec5b4938",
    "data": [
      {
        "text": "How many people",
        "alias": "size",
        "meta": "@criteria",
        "userDefined": false
      },
      {
        "text": " ",
        "userDefined": false
      },
      {
        "text": "can",
        "meta": "@sys.ignore",
        "userDefined": false
      },
      {
        "text": " sit",
        "userDefined": false
      }
    ],
    "isTemplate": false,
    "count": 0,
    "updated": 1532671093
  },
  {
    "id": "c7eac84b-d507-4a09-97db-616f370654bb",
    "data": [
      {
        "text": "How",
        "userDefined": false
      }
    ],
    "isTemplate": false,
    "count": 0,
    "updated": 1532671093
  },
  {
    "id": "3cfdf787-ea4d-4f72-a20e-da3521cdfe5e",
    "data": [
      {
        "text": "what is its ",
        "userDefined": false
      },
      {
        "text": "network name",
        "alias": "name",
        "meta": "@userinfo",
        "userDefined": false
      }
    ],
    "isTemplate": false,
    "count": 0,
    "updated": 1532671093
  },
  {
    "id": "206c291e-5cc9-4064-8b8e-50308a9a51cd",
    "data": [
      {
        "text": "what is the ",
        "userDefined": false
      },
      {
        "text": "password",
        "alias": "name",
        "meta": "@userinfo",
        "userDefined": false
      }
    ],
    "isTemplate": false,
    "count": 0,
    "updated": 1532671093
  },
  {
    "id": "15d9799f-128c-4a2a-a98a-920f7eafa30f",
    "data": [
      {
        "text": "what is its ",
        "userDefined": false
      },
      {
        "text": "name",
        "alias": "name",
        "meta": "@userinfo",
        "userDefined": false
      }
    ],
    "isTemplate": false,
    "count": 0,
    "updated": 1532671093
  },
  {
    "id": "9ffa51f7-4973-44f1-bd61-b22ec59daf84",
    "data": [
      {
        "text": "what is its ",
        "userDefined": false
      },
      {
        "text": "name",
        "alias": "name",
        "meta": "@userinfo",
        "userDefined": false
      },
      {
        "text": " and ",
        "userDefined": false
      },
      {
        "text": "password",
        "alias": "name",
        "meta": "@userinfo",
        "userDefined": false
      }
    ],
    "isTemplate": false,
    "count": 0,
    "updated": 1532671093
  },
  {
    "id": "8c551715-d159-4a2c-8359-a0064c2e26fa",
    "data": [
      {
        "text": "how fast",
        "alias": "speed",
        "meta": "@lang-elements",
        "userDefined": false
      },
      {
        "text": " ",
        "userDefined": false
      },
      {
        "text": "is it",
        "meta": "@sys.ignore",
        "userDefined": false
      }
    ],
    "isTemplate": false,
    "count": 0,
    "updated": 1532671093
  },
  {
    "id": "7e9bdb9d-5179-4185-95de-825010229771",
    "data": [
      {
        "text": "how fast",
        "alias": "speed",
        "meta": "@lang-elements",
        "userDefined": false
      },
      {
        "text": " it is",
        "userDefined": false
      }
    ],
    "isTemplate": false,
    "count": 0,
    "updated": 1532671093
  },
  {
    "id": "cd680e8d-d4de-4d53-856f-d77919931550",
    "data": [
      {
        "text": "what is its ",
        "userDefined": false
      },
      {
        "text": "cost",
        "alias": "cost",
        "meta": "@Cost",
        "userDefined": false
      }
    ],
    "isTemplate": false,
    "count": 0,
    "updated": 1532671093
  },
  {
    "id": "0e29cd74-f51f-42b1-b471-5c330e859250",
    "data": [
      {
        "text": "What is the ",
        "userDefined": false
      },
      {
        "text": "cost",
        "alias": "cost",
        "meta": "@Cost",
        "userDefined": false
      }
    ],
    "isTemplate": false,
    "count": 0,
    "updated": 1532671093
  },
  {
    "id": "59fd5b99-8f99-4c64-af6d-2802faafb1b1",
    "data": [
      {
        "text": "How much",
        "alias": "quantity",
        "meta": "@common-entities",
        "userDefined": false
      },
      {
        "text": " does ",
        "userDefined": false
      },
      {
        "text": "it",
        "alias": "facilityRef",
        "meta": "@lang-elements",
        "userDefined": false
      },
      {
        "text": " ",
        "userDefined": false
      },
      {
        "text": "cost",
        "alias": "cost",
        "meta": "@Cost",
        "userDefined": false
      }
    ],
    "isTemplate": false,
    "count": 0,
    "updated": 1532671093
  },
  {
    "id": "27178568-7d5f-4bf7-87ae-84f303a4ba3a",
    "data": [
      {
        "text": "What is it\u0027s ",
        "userDefined": false
      },
      {
        "text": "speed",
        "alias": "speed",
        "meta": "@lang-elements",
        "userDefined": true
      }
    ],
    "isTemplate": false,
    "count": 0,
    "updated": 1532671093
  },
  {
    "id": "0e060823-6c01-4a5c-abb3-55e31ddffb7d",
    "data": [
      {
        "text": "Please ",
        "userDefined": false
      },
      {
        "text": "reserve",
        "alias": "reserve",
        "meta": "@common-entities",
        "userDefined": false
      },
      {
        "text": " ",
        "userDefined": false
      },
      {
        "text": "it",
        "alias": "facilityRef",
        "meta": "@lang-elements",
        "userDefined": false
      }
    ],
    "isTemplate": false,
    "count": 0,
    "updated": 1532671093
  },
  {
    "id": "ebc3f4f8-887f-4db4-a71c-175184c494e0",
    "data": [
      {
        "text": "Can you",
        "alias": "user",
        "meta": "@lang-elements",
        "userDefined": true
      },
      {
        "text": " ",
        "userDefined": false
      },
      {
        "text": "reserve",
        "alias": "reserve",
        "meta": "@common-entities",
        "userDefined": false
      },
      {
        "text": " ",
        "userDefined": false
      },
      {
        "text": "it",
        "alias": "facilityRef",
        "meta": "@lang-elements",
        "userDefined": false
      },
      {
        "text": " for me",
        "userDefined": false
      }
    ],
    "isTemplate": false,
    "count": 0,
    "updated": 1532671093
  },
  {
    "id": "e3f4b9fd-32a2-4ef0-963b-3cf8baef7856",
    "data": [
      {
        "text": "Can I",
        "alias": "user",
        "meta": "@lang-elements",
        "userDefined": false
      },
      {
        "text": " ",
        "userDefined": false
      },
      {
        "text": "reserve",
        "alias": "reserve",
        "meta": "@common-entities",
        "userDefined": false
      },
      {
        "text": " ",
        "userDefined": false
      },
      {
        "text": "it",
        "alias": "facilityRef",
        "meta": "@lang-elements",
        "userDefined": false
      }
    ],
    "isTemplate": false,
    "count": 0,
    "updated": 1532671093
  },
  {
    "id": "8013d549-1fe5-4376-aaa2-e2bf92565c1b",
    "data": [
      {
        "text": "How",
        "alias": "how",
        "meta": "@lang-elements",
        "userDefined": false
      },
      {
        "text": " ",
        "userDefined": false
      },
      {
        "text": "can I",
        "meta": "@sys.ignore",
        "userDefined": false
      },
      {
        "text": " ",
        "userDefined": false
      },
      {
        "text": "reserve",
        "alias": "reserve",
        "meta": "@common-entities",
        "userDefined": false
      },
      {
        "text": " ",
        "userDefined": false
      },
      {
        "text": "it",
        "alias": "facilityRef",
        "meta": "@lang-elements",
        "userDefined": false
      }
    ],
    "isTemplate": false,
    "count": 0,
    "updated": 1532671093
  },
  {
    "id": "0cecf62d-b95a-40fc-9a88-9858ba1fb515",
    "data": [
      {
        "text": "When",
        "meta": "@sys.ignore",
        "userDefined": false
      },
      {
        "text": " does ",
        "userDefined": false
      },
      {
        "text": "it",
        "alias": "facilityRef",
        "meta": "@lang-elements",
        "userDefined": false
      },
      {
        "text": " ",
        "userDefined": false
      },
      {
        "text": "close",
        "alias": "openClosingTimes",
        "meta": "@OpenClosingTimes",
        "userDefined": false
      }
    ],
    "isTemplate": false,
    "count": 0,
    "updated": 1532671093
  },
  {
    "id": "1776bda2-e465-4fc1-af81-3c0e8eb47d6a",
    "data": [
      {
        "text": "When",
        "meta": "@sys.ignore",
        "userDefined": false
      },
      {
        "text": " does ",
        "userDefined": false
      },
      {
        "text": "it",
        "alias": "facilityRef",
        "meta": "@lang-elements",
        "userDefined": false
      },
      {
        "text": " ",
        "userDefined": false
      },
      {
        "text": "open",
        "alias": "openClosingTimes",
        "meta": "@OpenClosingTimes",
        "userDefined": false
      }
    ],
    "isTemplate": false,
    "count": 0,
    "updated": 1532671093
  },
  {
    "id": "97eb0b89-53d0-41c7-adee-55e1ed4e1b3a",
    "data": [
      {
        "text": "What are its ",
        "userDefined": false
      },
      {
        "text": "timing",
        "alias": "openClosingTimes",
        "meta": "@OpenClosingTimes",
        "userDefined": false
      }
    ],
    "isTemplate": false,
    "count": 2,
    "updated": 1532671093
  },
  {
    "id": "6ddec065-d546-4210-9806-21bc2380c193",
    "data": [
      {
        "text": "It is ",
        "userDefined": false
      },
      {
        "text": "complimentary",
        "alias": "cost",
        "meta": "@Cost",
        "userDefined": false
      }
    ],
    "isTemplate": false,
    "count": 0,
    "updated": 1532671093
  },
  {
    "id": "75e182a6-50f4-41d4-b04b-76e5d4c7fcae",
    "data": [
      {
        "text": "It is ",
        "userDefined": false
      },
      {
        "text": "free",
        "alias": "criteria",
        "meta": "@criteria",
        "userDefined": false
      }
    ],
    "isTemplate": false,
    "count": 1,
    "updated": 1532671093
  }
]