[
  {
    "id": "5a566aae-bfe0-459b-a1d1-9a0786602973",
    "data": [
      {
        "text": "daycare",
        "alias": "facilities",
        "meta": "@Facilities",
        "userDefined": false
      },
      {
        "text": "?",
        "userDefined": false
      }
    ],
    "isTemplate": false,
    "count": 0,
    "updated": 1533593079
  },
  {
    "id": "77ae72de-f471-4e1b-9e2a-739b651a8abc",
    "data": [
      {
        "text": "exercise",
        "alias": "facilities",
        "meta": "@Facilities",
        "userDefined": false
      },
      {
        "text": "?",
        "userDefined": false
      }
    ],
    "isTemplate": false,
    "count": 0,
    "updated": 1533593079
  },
  {
    "id": "ec471810-dd10-4cad-8131-367f8a5d430c",
    "data": [
      {
        "text": "tournament",
        "alias": "facilities",
        "meta": "@Facilities",
        "userDefined": false
      },
      {
        "text": "?",
        "userDefined": false
      }
    ],
    "isTemplate": false,
    "count": 0,
    "updated": 1533593340
  },
  {
    "id": "c9dfaf92-405e-4994-abfc-e8830b92e797",
    "data": [
      {
        "text": "do you have ",
        "userDefined": false
      },
      {
        "text": "swimming pool",
        "alias": "facilities",
        "meta": "@Facilities",
        "userDefined": true
      }
    ],
    "isTemplate": false,
    "count": 0,
    "updated": 1533593079
  },
  {
    "id": "1218d71c-f0de-4018-b9ae-d3e45fcfde58",
    "data": [
      {
        "text": "night clubs",
        "alias": "facilities",
        "meta": "@Facilities",
        "userDefined": false
      },
      {
        "text": "?",
        "userDefined": false
      }
    ],
    "isTemplate": false,
    "count": 0,
    "updated": 1533593607
  },
  {
    "id": "0106978f-9050-4d0b-9cdf-fe5491d38f80",
    "data": [
      {
        "text": "event room",
        "alias": "facilities",
        "meta": "@Facilities",
        "userDefined": false
      },
      {
        "text": "?",
        "userDefined": false
      }
    ],
    "isTemplate": false,
    "count": 0,
    "updated": 1533593115
  },
  {
    "id": "de256ac2-945c-4c09-8e28-4cfe61a1cab4",
    "data": [
      {
        "text": "Do you have a ",
        "userDefined": false
      },
      {
        "text": "dress code",
        "alias": "dressCode",
        "meta": "@common-entities",
        "userDefined": false
      }
    ],
    "isTemplate": false,
    "count": 0,
    "updated": 1533593079
  },
  {
    "id": "6db4d9db-a8b8-4c8f-9667-ec4be0acf2ac",
    "data": [
      {
        "text": "SPA",
        "alias": "facilities",
        "meta": "@Facilities",
        "userDefined": false
      },
      {
        "text": "?",
        "userDefined": false
      }
    ],
    "isTemplate": false,
    "count": 0,
    "updated": 1533593079
  },
  {
    "id": "79131e54-bfe8-43f4-bd48-14457440fe90",
    "data": [
      {
        "text": "do you have ",
        "userDefined": false
      },
      {
        "text": "sport bar",
        "alias": "facilities",
        "meta": "@Facilities",
        "userDefined": false
      }
    ],
    "isTemplate": false,
    "count": 0,
    "updated": 1533593079
  },
  {
    "id": "84cafb94-ee8d-4d70-bffb-4e422a5d4b10",
    "data": [
      {
        "text": "do you have ",
        "userDefined": false
      },
      {
        "text": "internet",
        "alias": "facilities",
        "meta": "@Facilities",
        "userDefined": false
      }
    ],
    "isTemplate": false,
    "count": 0,
    "updated": 1533593079
  },
  {
    "id": "767c2452-c8f8-4997-87c7-f20d22ddffd0",
    "data": [
      {
        "text": "do you",
        "alias": "enquire",
        "meta": "@lang-elements",
        "userDefined": true
      },
      {
        "text": " have ",
        "userDefined": false
      },
      {
        "text": "baggage storage",
        "alias": "facilities",
        "meta": "@Facilities",
        "userDefined": false
      }
    ],
    "isTemplate": false,
    "count": 0,
    "updated": 1533593079
  },
  {
    "id": "4ab72ada-059b-4801-ab61-060050e90e65",
    "data": [
      {
        "text": "Do you have ",
        "userDefined": false
      },
      {
        "text": "meeting room",
        "alias": "facilities",
        "meta": "@Facilities",
        "userDefined": false
      }
    ],
    "isTemplate": false,
    "count": 0,
    "updated": 1533593079
  },
  {
    "id": "72d312a2-30ce-4b22-a81e-90f1637d2285",
    "data": [
      {
        "text": "do you have ",
        "userDefined": false
      },
      {
        "text": "business center",
        "alias": "facilities",
        "meta": "@Facilities",
        "userDefined": false
      }
    ],
    "isTemplate": false,
    "count": 0,
    "updated": 1533593079
  },
  {
    "id": "fb6eae87-c060-4cf8-9c61-fb91d61cdf33",
    "data": [
      {
        "text": "meeting room",
        "alias": "facilities",
        "meta": "@Facilities",
        "userDefined": false
      },
      {
        "text": "?",
        "userDefined": false
      }
    ],
    "isTemplate": false,
    "count": 0,
    "updated": 1533593115
  },
  {
    "id": "80adcb9f-b01b-46ab-9422-e6d003ed5061",
    "data": [
      {
        "text": "attractions",
        "alias": "facilities",
        "meta": "@Facilities",
        "userDefined": false
      },
      {
        "text": "?",
        "userDefined": false
      }
    ],
    "isTemplate": false,
    "count": 0,
    "updated": 1533593421
  },
  {
    "id": "a5708e15-274f-400c-8763-a292cbac7c79",
    "data": [
      {
        "text": "wakeup call",
        "alias": "facilities",
        "meta": "@Facilities",
        "userDefined": false
      },
      {
        "text": "?",
        "userDefined": false
      }
    ],
    "isTemplate": false,
    "count": 0,
    "updated": 1533593383
  },
  {
    "id": "a7da8aef-6533-4309-bc6e-7f989436a373",
    "data": [
      {
        "text": "gym",
        "alias": "facilities",
        "meta": "@Facilities",
        "userDefined": false
      },
      {
        "text": "?",
        "userDefined": false
      }
    ],
    "isTemplate": false,
    "count": 0,
    "updated": 1533593079
  },
  {
    "id": "6b286280-43e4-4cff-9a61-89b58e1f0765",
    "data": [
      {
        "text": "Is there a ",
        "userDefined": false
      },
      {
        "text": "GYM",
        "alias": "facilities",
        "meta": "@Facilities",
        "userDefined": true
      },
      {
        "text": " in ",
        "userDefined": false
      },
      {
        "text": "Monte Carlo",
        "alias": "given-name",
        "meta": "@sys.given-name",
        "userDefined": true
      },
      {
        "text": "?",
        "userDefined": false
      }
    ],
    "isTemplate": false,
    "count": 0,
    "updated": 1533593079
  },
  {
    "id": "2dee3f2d-65f3-4e61-badd-34d6f70d7421",
    "data": [
      {
        "text": "bar",
        "alias": "facilities",
        "meta": "@Facilities",
        "userDefined": false
      },
      {
        "text": "?",
        "userDefined": false
      }
    ],
    "isTemplate": false,
    "count": 0,
    "updated": 1533593383
  },
  {
    "id": "178c5e6e-a0ab-4c3b-a5e9-c46918ed9234",
    "data": [
      {
        "text": "DO you have ",
        "userDefined": false
      },
      {
        "text": "indoor pool",
        "alias": "facilities",
        "meta": "@Facilities",
        "userDefined": true
      },
      {
        "text": "?",
        "userDefined": false
      }
    ],
    "isTemplate": false,
    "count": 0,
    "updated": 1533593079
  },
  {
    "id": "6d0b5eb8-fe8a-4174-89a5-acba545f8cdb",
    "data": [
      {
        "text": "do you have ",
        "userDefined": false
      },
      {
        "text": "projector",
        "alias": "item",
        "meta": "@item",
        "userDefined": false
      },
      {
        "text": " in the ",
        "userDefined": false
      },
      {
        "text": "business center",
        "alias": "facilities",
        "meta": "@Facilities",
        "userDefined": false
      }
    ],
    "isTemplate": false,
    "count": 0,
    "updated": 1533593079
  },
  {
    "id": "a09ad315-e065-46b1-be22-afa0fcbb39d8",
    "data": [
      {
        "text": "dry cleaning",
        "alias": "facilities",
        "meta": "@Facilities",
        "userDefined": false
      }
    ],
    "isTemplate": false,
    "count": 0,
    "updated": 1533593519
  },
  {
    "id": "8a9ef002-c128-4c1f-8fde-ac11283174a9",
    "data": [
      {
        "text": "laundry",
        "alias": "facilities",
        "meta": "@Facilities",
        "userDefined": false
      },
      {
        "text": "?",
        "userDefined": false
      }
    ],
    "isTemplate": false,
    "count": 0,
    "updated": 1533593383
  },
  {
    "id": "aa06b134-550f-4977-9d91-2b46b0523062",
    "data": [
      {
        "text": "outdoor seating",
        "alias": "facilities",
        "meta": "@Facilities",
        "userDefined": false
      },
      {
        "text": "?",
        "userDefined": false
      }
    ],
    "isTemplate": false,
    "count": 0,
    "updated": 1533593079
  },
  {
    "id": "6dbae2a6-f5d1-491f-861f-ff00f44a6d58",
    "data": [
      {
        "text": "Can I",
        "alias": "enquire",
        "meta": "@lang-elements",
        "userDefined": false
      },
      {
        "text": " ",
        "userDefined": false
      },
      {
        "text": "store my luggage",
        "alias": "facilities",
        "meta": "@Facilities",
        "userDefined": false
      },
      {
        "text": " after ",
        "userDefined": false
      },
      {
        "text": "checkout",
        "alias": "actions",
        "meta": "@Actions",
        "userDefined": false
      }
    ],
    "isTemplate": false,
    "count": 0,
    "updated": 1533593079
  },
  {
    "id": "35cdc408-40a6-4f29-9465-04321ded96b4",
    "data": [
      {
        "text": "do you have ",
        "userDefined": false
      },
      {
        "text": "additional parking",
        "alias": "facilities",
        "meta": "@Facilities",
        "userDefined": false
      }
    ],
    "isTemplate": false,
    "count": 0,
    "updated": 1533593079
  },
  {
    "id": "71193acf-38fa-42f1-91b4-dbffba3b419f",
    "data": [
      {
        "text": "do you have ",
        "userDefined": false
      },
      {
        "text": "wifi",
        "alias": "facilities",
        "meta": "@Facilities",
        "userDefined": false
      }
    ],
    "isTemplate": false,
    "count": 0,
    "updated": 1533593079
  },
  {
    "id": "2253179c-489f-4aa2-9a17-ac5f84338b17",
    "data": [
      {
        "text": "do you have ",
        "userDefined": false
      },
      {
        "text": "valet parking",
        "alias": "facilities",
        "meta": "@Facilities",
        "userDefined": false
      }
    ],
    "isTemplate": false,
    "count": 0,
    "updated": 1533593079
  },
  {
    "id": "d8fa62a0-5538-4d27-b60a-96d62fa55b82",
    "data": [
      {
        "text": "sauna",
        "alias": "facilities",
        "meta": "@Facilities",
        "userDefined": false
      },
      {
        "text": "?",
        "userDefined": false
      }
    ],
    "isTemplate": false,
    "count": 0,
    "updated": 1533593079
  },
  {
    "id": "e2427fab-2189-45ac-bdfd-ad6d26f822c6",
    "data": [
      {
        "text": "do you have ",
        "userDefined": false
      },
      {
        "text": "event room",
        "alias": "facilities",
        "meta": "@Facilities",
        "userDefined": false
      }
    ],
    "isTemplate": false,
    "count": 0,
    "updated": 1533593079
  },
  {
    "id": "dd68962c-d308-4182-a257-ec736a25d10e",
    "data": [
      {
        "text": "where can i ",
        "userDefined": false
      },
      {
        "text": "store my luggage",
        "alias": "facilities",
        "meta": "@Facilities",
        "userDefined": true
      }
    ],
    "isTemplate": false,
    "count": 0,
    "updated": 1533593079
  },
  {
    "id": "40da9cd8-8901-4c90-9439-d6457e92ef30",
    "data": [
      {
        "text": "can i have ",
        "userDefined": false
      },
      {
        "text": "meeting",
        "alias": "actions",
        "meta": "@Actions",
        "userDefined": true
      },
      {
        "text": " in the ",
        "userDefined": false
      },
      {
        "text": "business center",
        "alias": "facilities",
        "meta": "@Facilities",
        "userDefined": false
      }
    ],
    "isTemplate": false,
    "count": 0,
    "updated": 1533593079
  },
  {
    "id": "f858baab-a63f-4a19-9b24-4e0adde2b31f",
    "data": [
      {
        "text": "wifi",
        "alias": "facilities",
        "meta": "@Facilities",
        "userDefined": false
      },
      {
        "text": "?",
        "userDefined": false
      }
    ],
    "isTemplate": false,
    "count": 0,
    "updated": 1533593115
  },
  {
    "id": "fade7abf-cafa-4f80-8f97-b4d1bba38f1c",
    "data": [
      {
        "text": "what",
        "alias": "enquire",
        "meta": "@lang-elements",
        "userDefined": false
      },
      {
        "text": " ",
        "userDefined": false
      },
      {
        "text": "equipment",
        "alias": "item",
        "meta": "@item",
        "userDefined": false
      },
      {
        "text": " you have in ",
        "userDefined": false
      },
      {
        "text": "business center",
        "alias": "facilities",
        "meta": "@Facilities",
        "userDefined": false
      }
    ],
    "isTemplate": false,
    "count": 0,
    "updated": 1533593079
  },
  {
    "id": "0fbb56ad-3854-4d11-9792-c46e6e8bdba8",
    "data": [
      {
        "text": "Do you have a ",
        "userDefined": false
      },
      {
        "text": "Gym",
        "alias": "facilities",
        "meta": "@Facilities",
        "userDefined": true
      },
      {
        "text": "?",
        "userDefined": false
      }
    ],
    "isTemplate": false,
    "count": 0,
    "updated": 1533593079
  },
  {
    "id": "24cdfc6a-3238-475c-ac7a-fc930aae926d",
    "data": [
      {
        "text": "internet",
        "alias": "facilities",
        "meta": "@Facilities",
        "userDefined": false
      },
      {
        "text": "?",
        "userDefined": false
      }
    ],
    "isTemplate": false,
    "count": 0,
    "updated": 1533593079
  },
  {
    "id": "30e6000b-fc41-409a-ab05-6a3791a999c8",
    "data": [
      {
        "text": "dress code",
        "alias": "dressCode",
        "meta": "@common-entities",
        "userDefined": false
      }
    ],
    "isTemplate": false,
    "count": 0,
    "updated": 1533593079
  },
  {
    "id": "8b22a367-72bd-483f-92d7-58c3aad3ae27",
    "data": [
      {
        "text": "do you have ",
        "userDefined": false
      },
      {
        "text": "bar",
        "alias": "facilities",
        "meta": "@Facilities",
        "userDefined": false
      },
      {
        "text": " or ",
        "userDefined": false
      },
      {
        "text": "sports bar",
        "alias": "facilities",
        "meta": "@Facilities",
        "userDefined": false
      }
    ],
    "isTemplate": false,
    "count": 0,
    "updated": 1533593079
  },
  {
    "id": "9191c7cb-12ea-4083-9e87-632317bee726",
    "data": [
      {
        "text": "parking",
        "alias": "facilities",
        "meta": "@Facilities",
        "userDefined": false
      },
      {
        "text": "?",
        "userDefined": false
      }
    ],
    "isTemplate": false,
    "count": 0,
    "updated": 1533593340
  },
  {
    "id": "7dcf98f1-d388-4743-8716-ebb8f835a7bf",
    "data": [
      {
        "text": "swimming pool",
        "alias": "facilities",
        "meta": "@Facilities",
        "userDefined": false
      },
      {
        "text": "?",
        "userDefined": false
      }
    ],
    "isTemplate": false,
    "count": 0,
    "updated": 1533593079
  },
  {
    "id": "755edfd8-6a06-47ee-8cce-3574d1c37b40",
    "data": [
      {
        "text": "do you have ",
        "userDefined": false
      },
      {
        "text": "exercise",
        "alias": "facilities",
        "meta": "@Facilities",
        "userDefined": false
      },
      {
        "text": " ",
        "userDefined": false
      },
      {
        "text": "room",
        "alias": "item",
        "meta": "@item",
        "userDefined": false
      }
    ],
    "isTemplate": false,
    "count": 0,
    "updated": 1533593079
  },
  {
    "id": "56eda9e1-1bc8-44eb-96aa-2ea8e6e974d1",
    "data": [
      {
        "text": "Do you have ",
        "userDefined": false
      },
      {
        "text": "parking",
        "alias": "facilities",
        "meta": "@Facilities",
        "userDefined": false
      }
    ],
    "isTemplate": false,
    "count": 0,
    "updated": 1533593079
  },
  {
    "id": "eff3d8e7-5450-4857-8a26-042781fceb68",
    "data": [
      {
        "text": "do you",
        "alias": "enquire",
        "meta": "@lang-elements",
        "userDefined": false
      },
      {
        "text": " provide ",
        "userDefined": false
      },
      {
        "text": "internet",
        "alias": "facilities",
        "meta": "@Facilities",
        "userDefined": false
      }
    ],
    "isTemplate": false,
    "count": 0,
    "updated": 1533593079
  },
  {
    "id": "feb88f18-d5df-4a9c-930a-8bb30b94d236",
    "data": [
      {
        "text": "do you have ",
        "userDefined": false
      },
      {
        "text": "exercise facility",
        "alias": "facilities",
        "meta": "@Facilities",
        "userDefined": false
      }
    ],
    "isTemplate": false,
    "count": 0,
    "updated": 1533593079
  },
  {
    "id": "2b686da2-399e-4bdd-a529-9088106bb000",
    "data": [
      {
        "text": "where ",
        "userDefined": false
      },
      {
        "text": "can i",
        "alias": "enquire",
        "meta": "@lang-elements",
        "userDefined": false
      },
      {
        "text": " ",
        "userDefined": false
      },
      {
        "text": "store luggage",
        "alias": "facilities",
        "meta": "@Facilities",
        "userDefined": true
      },
      {
        "text": " for ",
        "userDefined": false
      },
      {
        "text": "time",
        "meta": "@sys.ignore",
        "userDefined": false
      },
      {
        "text": " being",
        "userDefined": false
      }
    ],
    "isTemplate": false,
    "count": 0,
    "updated": 1533593079
  },
  {
    "id": "b05add18-e2ab-47e7-bcbd-88cb9a8bb867",
    "data": [
      {
        "text": "Do you have ",
        "userDefined": false
      },
      {
        "text": "gift shop",
        "alias": "facilities",
        "meta": "@Facilities",
        "userDefined": true
      },
      {
        "text": "?",
        "userDefined": false
      }
    ],
    "isTemplate": false,
    "count": 1,
    "updated": 1533593079
  },
  {
    "id": "17484cea-b159-4f1c-8818-f345291b7749",
    "data": [
      {
        "text": "DO you have ",
        "userDefined": false
      },
      {
        "text": "restaurants",
        "alias": "facilities",
        "meta": "@Facilities",
        "userDefined": true
      },
      {
        "text": "?",
        "userDefined": false
      }
    ],
    "isTemplate": false,
    "count": 0,
    "updated": 1533593079
  },
  {
    "id": "1265ae24-227d-44fe-99c6-16e740a1a1d4",
    "data": [
      {
        "text": "do you have ",
        "userDefined": false
      },
      {
        "text": "laundry",
        "alias": "facilities",
        "meta": "@Facilities",
        "userDefined": true
      },
      {
        "text": " service",
        "userDefined": false
      }
    ],
    "isTemplate": false,
    "count": 0,
    "updated": 1533593079
  },
  {
    "id": "aa8a6381-2b28-4647-bc27-dfbbbef38d42",
    "data": [
      {
        "text": "what is your ",
        "userDefined": false
      },
      {
        "text": "dress code",
        "alias": "dressCode",
        "meta": "@common-entities",
        "userDefined": false
      }
    ],
    "isTemplate": false,
    "count": 0,
    "updated": 1533593079
  },
  {
    "id": "723577f3-21f2-4ce6-967d-dcb32569ae0e",
    "data": [
      {
        "text": "do you have ",
        "userDefined": false
      },
      {
        "text": "conference room",
        "alias": "facilities",
        "meta": "@Facilities",
        "userDefined": false
      }
    ],
    "isTemplate": false,
    "count": 0,
    "updated": 1533593079
  },
  {
    "id": "a86e39cc-abbe-417c-9ff9-5f6935908d60",
    "data": [
      {
        "text": "Do you have ",
        "userDefined": false
      },
      {
        "text": "luggage storage",
        "alias": "facilities",
        "meta": "@Facilities",
        "userDefined": false
      }
    ],
    "isTemplate": false,
    "count": 0,
    "updated": 1533593079
  },
  {
    "id": "1ff1c9af-9d1d-4349-af31-b4bc7bfc7684",
    "data": [
      {
        "text": "do you have ",
        "userDefined": false
      },
      {
        "text": "laundry",
        "alias": "facilities",
        "meta": "@Facilities",
        "userDefined": false
      },
      {
        "text": " facilities",
        "userDefined": false
      }
    ],
    "isTemplate": false,
    "count": 0,
    "updated": 1533593079
  },
  {
    "id": "7f7195e8-ec4e-4c53-9ebb-b0a9df42eb9b",
    "data": [
      {
        "text": "What ",
        "userDefined": false
      },
      {
        "text": "attire",
        "alias": "dressCode",
        "meta": "@common-entities",
        "userDefined": false
      },
      {
        "text": " do i need",
        "userDefined": false
      }
    ],
    "isTemplate": false,
    "count": 0,
    "updated": 1533593079
  },
  {
    "id": "03652f01-91a5-44a8-a979-8f9d6b2dac44",
    "data": [
      {
        "text": "do you",
        "alias": "enquire",
        "meta": "@lang-elements",
        "userDefined": false
      },
      {
        "text": " provide ",
        "userDefined": false
      },
      {
        "text": "wifi",
        "alias": "facilities",
        "meta": "@Facilities",
        "userDefined": false
      }
    ],
    "isTemplate": false,
    "count": 0,
    "updated": 1533593079
  },
  {
    "id": "01b8d0f8-5f58-48b9-8a64-c7875d9d6e20",
    "data": [
      {
        "text": "are there ",
        "userDefined": false
      },
      {
        "text": "ball rooms",
        "alias": "facilities",
        "meta": "@Facilities",
        "userDefined": false
      }
    ],
    "isTemplate": false,
    "count": 0,
    "updated": 1533593079
  },
  {
    "id": "8f577a32-5ce3-48b0-a60d-4c382d61ede7",
    "data": [
      {
        "text": "Do you have a ",
        "userDefined": false
      },
      {
        "text": "SPA",
        "alias": "facilities",
        "meta": "@Facilities",
        "userDefined": true
      },
      {
        "text": "?",
        "userDefined": false
      }
    ],
    "isTemplate": false,
    "count": 0,
    "updated": 1533593079
  },
  {
    "id": "8ff3f38a-5b50-4b08-bc60-76b4d50f9c01",
    "data": [
      {
        "text": "Do you have ",
        "userDefined": false
      },
      {
        "text": "heated pool",
        "alias": "facilities",
        "meta": "@Facilities",
        "userDefined": true
      },
      {
        "text": "?",
        "userDefined": false
      }
    ],
    "isTemplate": false,
    "count": 0,
    "updated": 1533593079
  },
  {
    "id": "ed802b46-1a2f-4f1d-97e4-3bde5d03c68d",
    "data": [
      {
        "text": "are there ",
        "userDefined": false
      },
      {
        "text": "meeting rooms",
        "alias": "facilities",
        "meta": "@Facilities",
        "userDefined": false
      }
    ],
    "isTemplate": false,
    "count": 0,
    "updated": 1533593079
  },
  {
    "id": "fd0f9b0f-5be6-4db8-b67d-fabf8e99c9ad",
    "data": [
      {
        "text": "are there any ",
        "userDefined": false
      },
      {
        "text": "meeting rooms",
        "alias": "facilities",
        "meta": "@Facilities",
        "userDefined": false
      }
    ],
    "isTemplate": false,
    "count": 0,
    "updated": 1533593079
  },
  {
    "id": "7a673ee1-4efd-4de9-bd32-df0fc638e11e",
    "data": [
      {
        "text": "indoor pool",
        "alias": "facilities",
        "meta": "@Facilities",
        "userDefined": false
      },
      {
        "text": "?",
        "userDefined": false
      }
    ],
    "isTemplate": false,
    "count": 0,
    "updated": 1533593079
  },
  {
    "id": "5d1446f2-ceb2-4cb4-8f19-a619090c8c1b",
    "data": [
      {
        "text": "pool",
        "alias": "facilities",
        "meta": "@Facilities",
        "userDefined": false
      },
      {
        "text": "?",
        "userDefined": false
      }
    ],
    "isTemplate": false,
    "count": 0,
    "updated": 1533593079
  },
  {
    "id": "2220f6aa-50ef-4dd0-89fb-7720d45f3fda",
    "data": [
      {
        "text": "Do you you have ",
        "userDefined": false
      },
      {
        "text": "sauna",
        "alias": "facilities",
        "meta": "@Facilities",
        "userDefined": true
      },
      {
        "text": "?",
        "userDefined": false
      }
    ],
    "isTemplate": false,
    "count": 0,
    "updated": 1533593079
  },
  {
    "id": "067cb47f-7b4b-498f-9de0-568e91733a11",
    "data": [
      {
        "text": "Do you provide ",
        "userDefined": false
      },
      {
        "text": "tour",
        "alias": "facilities",
        "meta": "@Facilities",
        "userDefined": true
      },
      {
        "text": " packages?",
        "userDefined": false
      }
    ],
    "isTemplate": false,
    "count": 0,
    "updated": 1533593079
  },
  {
    "id": "c60032f4-59ea-4838-acd7-4251b5d03ad0",
    "data": [
      {
        "text": "Do you have ",
        "userDefined": false
      },
      {
        "text": "tours",
        "alias": "facilities",
        "meta": "@Facilities",
        "userDefined": true
      },
      {
        "text": "?",
        "userDefined": false
      }
    ],
    "isTemplate": false,
    "count": 0,
    "updated": 1533593079
  },
  {
    "id": "0e9b0f03-7acf-497d-bc39-6e6d54556372",
    "data": [
      {
        "text": "Do you have ",
        "userDefined": false
      },
      {
        "text": "steam room",
        "alias": "facilities",
        "meta": "@Facilities",
        "userDefined": true
      },
      {
        "text": "?",
        "userDefined": false
      }
    ],
    "isTemplate": false,
    "count": 0,
    "updated": 1533593079
  },
  {
    "id": "489fa84c-35a6-4d18-b868-f6380a9d60cf",
    "data": [
      {
        "text": "is there a ",
        "userDefined": false
      },
      {
        "text": "dress code",
        "alias": "dressCode",
        "meta": "@common-entities",
        "userDefined": false
      }
    ],
    "isTemplate": false,
    "count": 0,
    "updated": 1533593079
  },
  {
    "id": "e5860530-66bb-4261-a176-d3db7adf0997",
    "data": [
      {
        "text": "Any ",
        "userDefined": false
      },
      {
        "text": "gym",
        "alias": "facilities",
        "meta": "@Facilities",
        "userDefined": true
      },
      {
        "text": "?",
        "userDefined": false
      }
    ],
    "isTemplate": false,
    "count": 0,
    "updated": 1533593079
  },
  {
    "id": "afde878c-044d-4cab-9f98-ece97e8ba5af",
    "data": [
      {
        "text": "Do you have ",
        "userDefined": false
      },
      {
        "text": "pool",
        "alias": "facilities",
        "meta": "@Facilities",
        "userDefined": true
      },
      {
        "text": "?",
        "userDefined": false
      }
    ],
    "isTemplate": false,
    "count": 0,
    "updated": 1533593079
  }
]