[
  {
    "id": "20e91360-76f1-40ac-984b-7a98f109908f",
    "data": [
      {
        "text": "Do you",
        "alias": "question",
        "meta": "@lang-elements",
        "userDefined": true
      },
      {
        "text": " have ",
        "userDefined": false
      },
      {
        "text": "events",
        "alias": "eventType",
        "meta": "@EventType",
        "userDefined": true
      },
      {
        "text": "?",
        "userDefined": false
      }
    ],
    "isTemplate": false,
    "count": 0,
    "updated": 1533510392
  },
  {
    "id": "9df952a2-6482-451e-a00f-3a42075d4af8",
    "data": [
      {
        "text": "Do you",
        "alias": "question",
        "meta": "@lang-elements",
        "userDefined": false
      },
      {
        "text": " ",
        "userDefined": false
      },
      {
        "text": "organize",
        "alias": "actions",
        "meta": "@Actions",
        "userDefined": false
      },
      {
        "text": " ",
        "userDefined": false
      },
      {
        "text": "special",
        "alias": "eventType",
        "meta": "@EventType",
        "userDefined": false
      },
      {
        "text": " day ",
        "userDefined": false
      },
      {
        "text": "events",
        "alias": "item",
        "meta": "@item",
        "userDefined": false
      },
      {
        "text": "?",
        "userDefined": false
      }
    ],
    "isTemplate": false,
    "count": 0,
    "updated": 1533510392
  },
  {
    "id": "0a9d40b1-cded-4a37-8960-d49897ed09c0",
    "data": [
      {
        "text": "What",
        "alias": "question",
        "meta": "@lang-elements",
        "userDefined": true
      },
      {
        "text": " ",
        "userDefined": false
      },
      {
        "text": "do you",
        "alias": "question",
        "meta": "@lang-elements",
        "userDefined": false
      },
      {
        "text": " ",
        "userDefined": false
      },
      {
        "text": "do",
        "meta": "@sys.ignore",
        "userDefined": false
      },
      {
        "text": " for ",
        "userDefined": false
      },
      {
        "text": "birthday",
        "alias": "eventType",
        "meta": "@EventType",
        "userDefined": false
      }
    ],
    "isTemplate": false,
    "count": 0,
    "updated": 1533510392
  },
  {
    "id": "d42e15c6-dd97-462e-ac5d-88f7ad7402d8",
    "data": [
      {
        "text": "Can I",
        "alias": "question",
        "meta": "@lang-elements",
        "userDefined": false
      },
      {
        "text": " ",
        "userDefined": false
      },
      {
        "text": "bring",
        "alias": "actions",
        "meta": "@Actions",
        "userDefined": true
      },
      {
        "text": " ",
        "userDefined": false
      },
      {
        "text": "cake",
        "alias": "eatNDrink",
        "meta": "@EatNDrink",
        "userDefined": true
      }
    ],
    "isTemplate": false,
    "count": 0,
    "updated": 1533510392
  },
  {
    "id": "12788ecf-2770-446f-a6b6-1ef16e68c18e",
    "data": [
      {
        "text": "can I",
        "alias": "question",
        "meta": "@lang-elements",
        "userDefined": false
      },
      {
        "text": " ",
        "userDefined": false
      },
      {
        "text": "celebrate",
        "alias": "actions",
        "meta": "@Actions",
        "userDefined": false
      },
      {
        "text": " ",
        "userDefined": false
      },
      {
        "text": "birthday party",
        "alias": "eventType",
        "meta": "@EventType",
        "userDefined": false
      }
    ],
    "isTemplate": false,
    "count": 0,
    "updated": 1533510392
  },
  {
    "id": "3d55d162-06a9-41dd-94f0-be0544b0783d",
    "data": [
      {
        "text": "I ",
        "userDefined": false
      },
      {
        "text": "need",
        "alias": "actions",
        "meta": "@Actions",
        "userDefined": true
      },
      {
        "text": " to ",
        "userDefined": false
      },
      {
        "text": "plan",
        "alias": "actions",
        "meta": "@Actions",
        "userDefined": true
      },
      {
        "text": " an ",
        "userDefined": false
      },
      {
        "text": "Event",
        "alias": "eventType",
        "meta": "@EventType",
        "userDefined": true
      }
    ],
    "isTemplate": false,
    "count": 0,
    "updated": 1533510392
  },
  {
    "id": "dbb8b462-5658-4603-8ac7-a6523840bd43",
    "data": [
      {
        "text": "Do you",
        "alias": "question",
        "meta": "@lang-elements",
        "userDefined": false
      },
      {
        "text": " ",
        "userDefined": false
      },
      {
        "text": "organize",
        "alias": "actions",
        "meta": "@Actions",
        "userDefined": false
      },
      {
        "text": " ",
        "userDefined": false
      },
      {
        "text": "events",
        "alias": "item",
        "meta": "@item",
        "userDefined": false
      },
      {
        "text": "?",
        "userDefined": false
      }
    ],
    "isTemplate": false,
    "count": 0,
    "updated": 1533510392
  },
  {
    "id": "788f7474-9923-4059-877a-4315995e8266",
    "data": [
      {
        "text": "What",
        "alias": "question",
        "meta": "@lang-elements",
        "userDefined": true
      },
      {
        "text": " ",
        "userDefined": false
      },
      {
        "text": "events",
        "alias": "eventType",
        "meta": "@EventType",
        "userDefined": true
      },
      {
        "text": " do you  have ",
        "userDefined": false
      },
      {
        "text": "today",
        "alias": "date",
        "meta": "@sys.date",
        "userDefined": false
      },
      {
        "text": "?",
        "userDefined": false
      }
    ],
    "isTemplate": false,
    "count": 0,
    "updated": 1533510392
  },
  {
    "id": "a4599060-5494-4e75-bc2e-cd86db4ceafc",
    "data": [
      {
        "text": "what",
        "alias": "question",
        "meta": "@lang-elements",
        "userDefined": false
      },
      {
        "text": " ",
        "userDefined": false
      },
      {
        "text": "events",
        "alias": "eventType",
        "meta": "@EventType",
        "userDefined": true
      },
      {
        "text": " you have ",
        "userDefined": false
      },
      {
        "text": "today",
        "alias": "date",
        "meta": "@sys.date",
        "userDefined": false
      }
    ],
    "isTemplate": false,
    "count": 0,
    "updated": 1533510392
  },
  {
    "id": "9e439ec7-cfa1-41c7-8a95-28b78801787e",
    "data": [
      {
        "text": "Can I",
        "alias": "question",
        "meta": "@lang-elements",
        "userDefined": false
      },
      {
        "text": " ",
        "userDefined": false
      },
      {
        "text": "celebrate",
        "alias": "actions",
        "meta": "@Actions",
        "userDefined": true
      },
      {
        "text": " a ",
        "userDefined": false
      },
      {
        "text": "birthday",
        "alias": "eventType",
        "meta": "@EventType",
        "userDefined": false
      }
    ],
    "isTemplate": false,
    "count": 0,
    "updated": 1533510392
  },
  {
    "id": "fc579bd4-36ac-4a5b-aba0-f047c264abbd",
    "data": [
      {
        "text": "do you",
        "alias": "question",
        "meta": "@lang-elements",
        "userDefined": true
      },
      {
        "text": " have any ",
        "userDefined": false
      },
      {
        "text": "events",
        "alias": "eventType",
        "meta": "@EventType",
        "userDefined": true
      },
      {
        "text": " ",
        "userDefined": false
      },
      {
        "text": "today",
        "alias": "date",
        "meta": "@sys.date",
        "userDefined": false
      }
    ],
    "isTemplate": false,
    "count": 0,
    "updated": 1533510392
  }
]