[
  {
    "id": "4fc12314-ab09-49f4-886a-d20f05830bdf",
    "data": [
      {
        "text": "How",
        "alias": "enquire",
        "meta": "@lang-elements",
        "userDefined": false
      },
      {
        "text": " ",
        "userDefined": false
      },
      {
        "text": "far",
        "alias": "distance",
        "meta": "@common-entities",
        "userDefined": false
      },
      {
        "text": " it is from ",
        "userDefined": false
      },
      {
        "text": "airport",
        "alias": "place",
        "meta": "@place",
        "userDefined": false
      }
    ],
    "isTemplate": false,
    "count": 0,
    "updated": 1532042592
  },
  {
    "id": "dd67bb25-2438-40c4-90c5-dcf4c46f691c",
    "data": [
      {
        "text": "Is it",
        "alias": "enquire",
        "meta": "@lang-elements",
        "userDefined": true
      },
      {
        "text": " ",
        "userDefined": false
      },
      {
        "text": "near",
        "alias": "distance",
        "meta": "@common-entities",
        "userDefined": true
      },
      {
        "text": " ",
        "userDefined": false
      },
      {
        "text": "airport",
        "alias": "place",
        "meta": "@place",
        "userDefined": true
      }
    ],
    "isTemplate": false,
    "count": 0,
    "updated": 1532042592
  },
  {
    "id": "b8ae8353-2e1b-438b-8908-6a70eab1ad24",
    "data": [
      {
        "text": "how",
        "alias": "enquire",
        "meta": "@lang-elements",
        "userDefined": false
      },
      {
        "text": " ",
        "userDefined": false
      },
      {
        "text": "far",
        "alias": "distance",
        "meta": "@common-entities",
        "userDefined": false
      },
      {
        "text": " is ",
        "userDefined": false
      },
      {
        "text": "Disney",
        "alias": "given-name",
        "meta": "@sys.given-name",
        "userDefined": true
      }
    ],
    "isTemplate": false,
    "count": 0,
    "updated": 1532042592
  },
  {
    "id": "86c21b9e-089d-468a-9a53-08af379081eb",
    "data": [
      {
        "text": "How",
        "alias": "enquire",
        "meta": "@lang-elements",
        "userDefined": false
      },
      {
        "text": " ",
        "userDefined": false
      },
      {
        "text": "far",
        "alias": "distance",
        "meta": "@common-entities",
        "userDefined": false
      },
      {
        "text": " is ",
        "userDefined": false
      },
      {
        "text": "six flags",
        "alias": "address",
        "meta": "@sys.address",
        "userDefined": false
      }
    ],
    "isTemplate": false,
    "count": 0,
    "updated": 1532042592
  },
  {
    "id": "30889721-3507-4729-a3d1-8062bc32cf60",
    "data": [
      {
        "text": "How",
        "alias": "enquire",
        "meta": "@lang-elements",
        "userDefined": false
      },
      {
        "text": " ",
        "userDefined": false
      },
      {
        "text": "far",
        "alias": "distance",
        "meta": "@common-entities",
        "userDefined": false
      },
      {
        "text": " is the ",
        "userDefined": false
      },
      {
        "text": "airport",
        "alias": "place",
        "meta": "@place",
        "userDefined": false
      }
    ],
    "isTemplate": false,
    "count": 0,
    "updated": 1532042592
  },
  {
    "id": "30ab9323-dd04-4efe-8d77-b94d630da681",
    "data": [
      {
        "text": "How",
        "alias": "enquire",
        "meta": "@lang-elements",
        "userDefined": false
      },
      {
        "text": " ",
        "userDefined": false
      },
      {
        "text": "far",
        "alias": "distance",
        "meta": "@common-entities",
        "userDefined": false
      },
      {
        "text": " is ",
        "userDefined": false
      },
      {
        "text": "Regan",
        "alias": "given-name",
        "meta": "@sys.given-name",
        "userDefined": true
      },
      {
        "text": " ",
        "userDefined": false
      },
      {
        "text": "Library",
        "alias": "place",
        "meta": "@place",
        "userDefined": false
      }
    ],
    "isTemplate": false,
    "count": 0,
    "updated": 1532042592
  }
]