[
  {
    "id": "b9278f3c-cc6b-4eb4-9cbf-62ed2adedabb",
    "data": [
      {
        "text": "what is the ",
        "userDefined": false
      },
      {
        "text": "closing time",
        "alias": "openClosingTimes",
        "meta": "@OpenClosingTimes",
        "userDefined": false
      },
      {
        "text": " of ",
        "userDefined": false
      },
      {
        "text": "bar",
        "alias": "facilities",
        "meta": "@Facilities",
        "userDefined": true
      },
      {
        "text": "?",
        "userDefined": false
      }
    ],
    "isTemplate": false,
    "count": 0,
    "updated": 1533593694
  },
  {
    "id": "b328ffe0-bc82-4b55-83e4-6636459e26e0",
    "data": [
      {
        "text": "checkin",
        "alias": "actions",
        "meta": "@Actions",
        "userDefined": false
      },
      {
        "text": "?",
        "userDefined": false
      }
    ],
    "isTemplate": false,
    "count": 0,
    "updated": 1533593694
  },
  {
    "id": "e7ce6aa0-8c37-47cf-b60a-23a9b6588e00",
    "data": [
      {
        "text": "When do you ",
        "userDefined": false
      },
      {
        "text": "close",
        "alias": "openClosingTimes",
        "meta": "@OpenClosingTimes",
        "userDefined": false
      },
      {
        "text": "?",
        "userDefined": false
      }
    ],
    "isTemplate": false,
    "count": 0,
    "updated": 1533593694
  },
  {
    "id": "93ba332b-2574-4e2e-96ae-7548d93dc165",
    "data": [
      {
        "text": "checkin",
        "alias": "actions",
        "meta": "@Actions",
        "userDefined": false
      },
      {
        "text": " ",
        "userDefined": false
      },
      {
        "text": "time",
        "alias": "openClosingTimes",
        "meta": "@OpenClosingTimes",
        "userDefined": false
      }
    ],
    "isTemplate": false,
    "count": 0,
    "updated": 1533593694
  },
  {
    "id": "75d35d8f-b64f-447a-8bda-25bfab26477d",
    "data": [
      {
        "text": "are you ",
        "userDefined": false
      },
      {
        "text": "open 24 hours",
        "alias": "openClosingTimes",
        "meta": "@OpenClosingTimes",
        "userDefined": false
      }
    ],
    "isTemplate": false,
    "count": 0,
    "updated": 1533593694
  },
  {
    "id": "3123d4b6-cfee-4dd2-9abd-7f5801b77e49",
    "data": [
      {
        "text": "are you ",
        "userDefined": false
      },
      {
        "text": "open 24by7",
        "alias": "openClosingTimes",
        "meta": "@OpenClosingTimes",
        "userDefined": false
      }
    ],
    "isTemplate": false,
    "count": 0,
    "updated": 1533593694
  },
  {
    "id": "9e8aaff1-e0ca-430e-b903-832bf86da29b",
    "data": [
      {
        "text": "is the ",
        "userDefined": false
      },
      {
        "text": "restaurant",
        "alias": "facilities",
        "meta": "@Facilities",
        "userDefined": true
      },
      {
        "text": " ",
        "userDefined": false
      },
      {
        "text": "open",
        "alias": "openClosingTimes",
        "meta": "@OpenClosingTimes",
        "userDefined": false
      },
      {
        "text": " ",
        "userDefined": false
      },
      {
        "text": "now",
        "alias": "date-time",
        "meta": "@sys.date-time",
        "userDefined": true
      }
    ],
    "isTemplate": false,
    "count": 0,
    "updated": 1533593694
  },
  {
    "id": "7ae61320-e301-4d5a-ac6c-c2d15ac0f292",
    "data": [
      {
        "text": "what is your ",
        "userDefined": false
      },
      {
        "text": "breakfast",
        "alias": "eatNDrink",
        "meta": "@EatNDrink",
        "userDefined": false
      },
      {
        "text": " ",
        "userDefined": false
      },
      {
        "text": "time",
        "alias": "openClosingTimes",
        "meta": "@OpenClosingTimes",
        "userDefined": false
      }
    ],
    "isTemplate": false,
    "count": 0,
    "updated": 1533593694
  },
  {
    "id": "da2c3acd-8a1b-48b8-b0fd-f2a026c1a900",
    "data": [
      {
        "text": "When",
        "alias": "openClosingTimes",
        "meta": "@OpenClosingTimes",
        "userDefined": false
      },
      {
        "text": " ",
        "userDefined": false
      },
      {
        "text": "do",
        "alias": "question",
        "meta": "@lang-elements",
        "userDefined": false
      },
      {
        "text": " ",
        "userDefined": false
      },
      {
        "text": "i",
        "alias": "idnoun",
        "meta": "@lang-elements",
        "userDefined": false
      },
      {
        "text": " ",
        "userDefined": false
      },
      {
        "text": "need",
        "meta": "@sys.ignore",
        "userDefined": false
      },
      {
        "text": " to ",
        "userDefined": false
      },
      {
        "text": "checkout",
        "alias": "actions",
        "meta": "@Actions",
        "userDefined": false
      }
    ],
    "isTemplate": false,
    "count": 0,
    "updated": 1533593694
  },
  {
    "id": "5c86ef5a-31c4-4b3d-83cd-fe36b60592c4",
    "data": [
      {
        "text": "What is your ",
        "userDefined": false
      },
      {
        "text": "working hours",
        "alias": "openClosingTimes",
        "meta": "@OpenClosingTimes",
        "userDefined": true
      }
    ],
    "isTemplate": false,
    "count": 0,
    "updated": 1533593694
  },
  {
    "id": "2d25c26e-fad0-4bd1-94ca-663fed20e248",
    "data": [
      {
        "text": "SPA",
        "alias": "facilities",
        "meta": "@Facilities",
        "userDefined": true
      },
      {
        "text": " time",
        "userDefined": false
      }
    ],
    "isTemplate": false,
    "count": 0,
    "updated": 1533593694
  },
  {
    "id": "a3e5f618-dd99-430e-8264-71da7fcd755c",
    "data": [
      {
        "text": "what is ",
        "userDefined": false
      },
      {
        "text": "restaurant",
        "alias": "facilities",
        "meta": "@Facilities",
        "userDefined": false
      },
      {
        "text": " ",
        "userDefined": false
      },
      {
        "text": "timing",
        "alias": "openClosingTimes",
        "meta": "@OpenClosingTimes",
        "userDefined": true
      }
    ],
    "isTemplate": false,
    "count": 0,
    "updated": 1533593694
  },
  {
    "id": "95d100c3-b487-42cb-9eb4-5e4e16894893",
    "data": [
      {
        "text": "when",
        "alias": "openClosingTimes",
        "meta": "@OpenClosingTimes",
        "userDefined": true
      },
      {
        "text": " is the ",
        "userDefined": false
      },
      {
        "text": "checkin",
        "alias": "actions",
        "meta": "@Actions",
        "userDefined": false
      }
    ],
    "isTemplate": false,
    "count": 0,
    "updated": 1533593694
  },
  {
    "id": "eae90d68-7e06-4017-ae41-64cfd107bb43",
    "data": [
      {
        "text": "checkout",
        "alias": "actions",
        "meta": "@Actions",
        "userDefined": false
      },
      {
        "text": " ",
        "userDefined": false
      },
      {
        "text": "time",
        "alias": "openClosingTimes",
        "meta": "@OpenClosingTimes",
        "userDefined": false
      }
    ],
    "isTemplate": false,
    "count": 0,
    "updated": 1533593694
  },
  {
    "id": "bf128b66-7871-4279-afe9-13fe7da81d94",
    "data": [
      {
        "text": "checkout",
        "alias": "actions",
        "meta": "@Actions",
        "userDefined": false
      },
      {
        "text": "?",
        "userDefined": false
      }
    ],
    "isTemplate": false,
    "count": 0,
    "updated": 1533593694
  },
  {
    "id": "2a2302c7-bf5d-4e74-abe5-0adc68994ecb",
    "data": [
      {
        "text": "When",
        "alias": "openClosingTimes",
        "meta": "@OpenClosingTimes",
        "userDefined": false
      },
      {
        "text": " ",
        "userDefined": false
      },
      {
        "text": "do",
        "alias": "question",
        "meta": "@lang-elements",
        "userDefined": false
      },
      {
        "text": " ",
        "userDefined": false
      },
      {
        "text": "I",
        "alias": "idnoun",
        "meta": "@lang-elements",
        "userDefined": false
      },
      {
        "text": " ",
        "userDefined": false
      },
      {
        "text": "checkout",
        "alias": "actions",
        "meta": "@Actions",
        "userDefined": false
      },
      {
        "text": "?",
        "userDefined": false
      }
    ],
    "isTemplate": false,
    "count": 0,
    "updated": 1533593694
  },
  {
    "id": "7cac1bb1-ea22-4f0d-bad6-e69d2548ef01",
    "data": [
      {
        "text": "What is ",
        "userDefined": false
      },
      {
        "text": "your",
        "alias": "idnoun",
        "meta": "@lang-elements",
        "userDefined": false
      },
      {
        "text": " ",
        "userDefined": false
      },
      {
        "text": "Last call time",
        "alias": "openClosingTimes",
        "meta": "@OpenClosingTimes",
        "userDefined": false
      }
    ],
    "isTemplate": false,
    "count": 0,
    "updated": 1533593694
  },
  {
    "id": "bad422ca-39d7-4a51-9848-d19ede08bf4d",
    "data": [
      {
        "text": "when",
        "alias": "openClosingTimes",
        "meta": "@OpenClosingTimes",
        "userDefined": true
      },
      {
        "text": " is the ",
        "userDefined": false
      },
      {
        "text": "checkout",
        "alias": "actions",
        "meta": "@Actions",
        "userDefined": false
      }
    ],
    "isTemplate": false,
    "count": 0,
    "updated": 1533593694
  },
  {
    "id": "5246ba57-ad04-4b86-a535-be4b332a1189",
    "data": [
      {
        "text": "are you ",
        "userDefined": false
      },
      {
        "text": "open 24/7",
        "alias": "openClosingTimes",
        "meta": "@OpenClosingTimes",
        "userDefined": true
      }
    ],
    "isTemplate": false,
    "count": 0,
    "updated": 1533593694
  },
  {
    "id": "ff763ec1-b45b-4535-a665-d3e90640149b",
    "data": [
      {
        "text": "checkout",
        "alias": "actions",
        "meta": "@Actions",
        "userDefined": false
      },
      {
        "text": " ",
        "userDefined": false
      },
      {
        "text": "time",
        "alias": "openClosingTimes",
        "meta": "@OpenClosingTimes",
        "userDefined": false
      },
      {
        "text": " please",
        "userDefined": false
      }
    ],
    "isTemplate": false,
    "count": 0,
    "updated": 1533593694
  },
  {
    "id": "1a30aac9-f04c-4f05-8684-21fa38e1b324",
    "data": [
      {
        "text": "What is ",
        "userDefined": false
      },
      {
        "text": "your",
        "alias": "idnoun",
        "meta": "@lang-elements",
        "userDefined": false
      },
      {
        "text": " ",
        "userDefined": false
      },
      {
        "text": "checkin",
        "alias": "actions",
        "meta": "@Actions",
        "userDefined": false
      },
      {
        "text": " ",
        "userDefined": false
      },
      {
        "text": "Time",
        "alias": "openClosingTimes",
        "meta": "@OpenClosingTimes",
        "userDefined": false
      },
      {
        "text": "?",
        "userDefined": false
      }
    ],
    "isTemplate": false,
    "count": 0,
    "updated": 1533593694
  },
  {
    "id": "55a09a0c-04b2-4a10-ba8f-e7aa2ac733af",
    "data": [
      {
        "text": "What is ",
        "userDefined": false
      },
      {
        "text": "kitchen",
        "alias": "facilities",
        "meta": "@Facilities",
        "userDefined": false
      },
      {
        "text": " ",
        "userDefined": false
      },
      {
        "text": "close time",
        "alias": "openClosingTimes",
        "meta": "@OpenClosingTimes",
        "userDefined": false
      }
    ],
    "isTemplate": false,
    "count": 0,
    "updated": 1533593694
  },
  {
    "id": "da4d8020-5213-422a-a63e-376c3385fa9c",
    "data": [
      {
        "text": "What are your ",
        "userDefined": false
      },
      {
        "text": "working hours",
        "alias": "openClosingTimes",
        "meta": "@OpenClosingTimes",
        "userDefined": false
      }
    ],
    "isTemplate": false,
    "count": 0,
    "updated": 1533593694
  },
  {
    "id": "0dacfa14-bfd6-4e92-b8d4-f3a1e0b5ab00",
    "data": [
      {
        "text": "is the ",
        "userDefined": false
      },
      {
        "text": "gym",
        "alias": "facilities",
        "meta": "@Facilities",
        "userDefined": false
      },
      {
        "text": " ",
        "userDefined": false
      },
      {
        "text": "open",
        "alias": "openClosingTimes",
        "meta": "@OpenClosingTimes",
        "userDefined": false
      },
      {
        "text": " ",
        "userDefined": false
      },
      {
        "text": "now",
        "alias": "date-time",
        "meta": "@sys.date-time",
        "userDefined": true
      }
    ],
    "isTemplate": false,
    "count": 0,
    "updated": 1533593694
  },
  {
    "id": "27a099d3-096b-4e78-bb71-7cc656bf3688",
    "data": [
      {
        "text": "when does ",
        "userDefined": false
      },
      {
        "text": "bar",
        "alias": "facilities",
        "meta": "@Facilities",
        "userDefined": true
      },
      {
        "text": " ",
        "userDefined": false
      },
      {
        "text": "close",
        "alias": "openClosingTimes",
        "meta": "@OpenClosingTimes",
        "userDefined": false
      },
      {
        "text": "?",
        "userDefined": false
      }
    ],
    "isTemplate": false,
    "count": 0,
    "updated": 1533593694
  },
  {
    "id": "1e791209-1449-4379-bc3b-f7b5f5c493f8",
    "data": [
      {
        "text": "lastcall time",
        "alias": "openClosingTimes",
        "meta": "@OpenClosingTimes",
        "userDefined": false
      }
    ],
    "isTemplate": false,
    "count": 0,
    "updated": 1533593694
  },
  {
    "id": "e8d5ce9b-1396-4e3d-a0c3-cf0e263f9ecc",
    "data": [
      {
        "text": "when is the ",
        "userDefined": false
      },
      {
        "text": "checkout",
        "alias": "actions",
        "meta": "@Actions",
        "userDefined": false
      },
      {
        "text": "?",
        "userDefined": false
      }
    ],
    "isTemplate": false,
    "count": 0,
    "updated": 1533593694
  },
  {
    "id": "64f211d0-4693-4138-9d29-9a9ef06de6da",
    "data": [
      {
        "text": "last order time",
        "alias": "openClosingTimes",
        "meta": "@OpenClosingTimes",
        "userDefined": false
      }
    ],
    "isTemplate": false,
    "count": 0,
    "updated": 1533593694
  },
  {
    "id": "3598ab11-08eb-4db2-b9bd-f4215c8ec477",
    "data": [
      {
        "text": "when",
        "meta": "@sys.ignore",
        "userDefined": false
      },
      {
        "text": " does ",
        "userDefined": false
      },
      {
        "text": "breakfast",
        "alias": "eatNDrink",
        "meta": "@EatNDrink",
        "userDefined": false
      },
      {
        "text": " ",
        "userDefined": false
      },
      {
        "text": "start",
        "alias": "openClosingTimes",
        "meta": "@OpenClosingTimes",
        "userDefined": false
      }
    ],
    "isTemplate": false,
    "count": 0,
    "updated": 1533593694
  },
  {
    "id": "7d708f53-689d-4e24-99f1-13072bab15f0",
    "data": [
      {
        "text": "When does this place ",
        "userDefined": false
      },
      {
        "text": "close",
        "alias": "openClosingTimes",
        "meta": "@OpenClosingTimes",
        "userDefined": false
      },
      {
        "text": "?",
        "userDefined": false
      }
    ],
    "isTemplate": false,
    "count": 0,
    "updated": 1533593694
  },
  {
    "id": "27e2c3c0-55ed-4aad-8209-0945111fb19f",
    "data": [
      {
        "text": "when is the ",
        "userDefined": false
      },
      {
        "text": "checkin",
        "alias": "actions",
        "meta": "@Actions",
        "userDefined": false
      },
      {
        "text": " ",
        "userDefined": false
      },
      {
        "text": "time",
        "alias": "openClosingTimes",
        "meta": "@OpenClosingTimes",
        "userDefined": false
      }
    ],
    "isTemplate": false,
    "count": 1,
    "updated": 1533593694
  },
  {
    "id": "0530ee3b-bec7-4219-8f64-291ca2f31be3",
    "data": [
      {
        "text": "When does the ",
        "userDefined": false
      },
      {
        "text": "Adult Pool",
        "alias": "facilities",
        "meta": "@Facilities",
        "userDefined": true
      },
      {
        "text": " time ",
        "userDefined": false
      },
      {
        "text": "start",
        "alias": "openClosingTimes",
        "meta": "@OpenClosingTimes",
        "userDefined": true
      },
      {
        "text": "?",
        "userDefined": false
      }
    ],
    "isTemplate": false,
    "count": 0,
    "updated": 1533593694
  },
  {
    "id": "ebda0668-f201-49bb-9642-e04cc72769f9",
    "data": [
      {
        "text": "when is ",
        "userDefined": false
      },
      {
        "text": "your",
        "alias": "question",
        "meta": "@lang-elements",
        "userDefined": false
      },
      {
        "text": " ",
        "userDefined": false
      },
      {
        "text": "checkout",
        "alias": "actions",
        "meta": "@Actions",
        "userDefined": false
      },
      {
        "text": " ",
        "userDefined": false
      },
      {
        "text": "time",
        "alias": "openClosingTimes",
        "meta": "@OpenClosingTimes",
        "userDefined": false
      }
    ],
    "isTemplate": false,
    "count": 0,
    "updated": 1533593694
  },
  {
    "id": "35feb5ec-ddbb-4bbd-aabd-ba213071ab15",
    "data": [
      {
        "text": "when is ",
        "userDefined": false
      },
      {
        "text": "your",
        "alias": "question",
        "meta": "@lang-elements",
        "userDefined": false
      },
      {
        "text": " ",
        "userDefined": false
      },
      {
        "text": "checkin",
        "alias": "actions",
        "meta": "@Actions",
        "userDefined": false
      },
      {
        "text": " ",
        "userDefined": false
      },
      {
        "text": "time",
        "alias": "openClosingTimes",
        "meta": "@OpenClosingTimes",
        "userDefined": false
      }
    ],
    "isTemplate": false,
    "count": 1,
    "updated": 1533593694
  },
  {
    "id": "a66433ac-f966-4a6f-bec7-25c376be98e1",
    "data": [
      {
        "text": "when does the ",
        "userDefined": false
      },
      {
        "text": "restaurant",
        "alias": "facilities",
        "meta": "@Facilities",
        "userDefined": true
      },
      {
        "text": " ",
        "userDefined": false
      },
      {
        "text": "close",
        "alias": "openClosingTimes",
        "meta": "@OpenClosingTimes",
        "userDefined": false
      },
      {
        "text": "?",
        "userDefined": false
      }
    ],
    "isTemplate": false,
    "count": 0,
    "updated": 1533593694
  },
  {
    "id": "96b6b663-11ae-4653-b401-7c231d8770fd",
    "data": [
      {
        "text": "When",
        "meta": "@sys.ignore",
        "userDefined": false
      },
      {
        "text": " does this business ",
        "userDefined": false
      },
      {
        "text": "open",
        "alias": "openClosingTimes",
        "meta": "@OpenClosingTimes",
        "userDefined": false
      }
    ],
    "isTemplate": false,
    "count": 0,
    "updated": 1533593694
  },
  {
    "id": "867204e0-7784-404c-968a-7a1772b8131e",
    "data": [
      {
        "text": "When does the ",
        "userDefined": false
      },
      {
        "text": "SPA",
        "alias": "facilities",
        "meta": "@Facilities",
        "userDefined": true
      },
      {
        "text": " ",
        "userDefined": false
      },
      {
        "text": "close",
        "alias": "openClosingTimes",
        "meta": "@OpenClosingTimes",
        "userDefined": false
      },
      {
        "text": "?",
        "userDefined": false
      }
    ],
    "isTemplate": false,
    "count": 0,
    "updated": 1533593694
  },
  {
    "id": "5ffad637-595d-4013-85ff-629c8528e1db",
    "data": [
      {
        "text": "When",
        "meta": "@sys.ignore",
        "userDefined": false
      },
      {
        "text": " does this business ",
        "userDefined": false
      },
      {
        "text": "close",
        "alias": "openClosingTimes",
        "meta": "@OpenClosingTimes",
        "userDefined": false
      }
    ],
    "isTemplate": false,
    "count": 0,
    "updated": 1533593694
  },
  {
    "id": "87b51355-84cc-448f-8240-58b7d9181604",
    "data": [
      {
        "text": "is ",
        "userDefined": false
      },
      {
        "text": "restaurant",
        "alias": "facilities",
        "meta": "@Facilities",
        "userDefined": false
      },
      {
        "text": " ",
        "userDefined": false
      },
      {
        "text": "open 24by7",
        "alias": "openClosingTimes",
        "meta": "@OpenClosingTimes",
        "userDefined": false
      }
    ],
    "isTemplate": false,
    "count": 0,
    "updated": 1533593694
  },
  {
    "id": "ad4a988e-bf61-4b15-b50e-897e89866c3f",
    "data": [
      {
        "text": "What is your ",
        "userDefined": false
      },
      {
        "text": "opening time",
        "alias": "openClosingTimes",
        "meta": "@OpenClosingTimes",
        "userDefined": false
      },
      {
        "text": "?",
        "userDefined": false
      }
    ],
    "isTemplate": false,
    "count": 0,
    "updated": 1533593694
  },
  {
    "id": "7d881e98-5fd4-48d0-befc-f594bbcfaeec",
    "data": [
      {
        "text": "what is the ",
        "userDefined": false
      },
      {
        "text": "checkin",
        "alias": "actions",
        "meta": "@Actions",
        "userDefined": false
      },
      {
        "text": " ",
        "userDefined": false
      },
      {
        "text": "time",
        "alias": "openClosingTimes",
        "meta": "@OpenClosingTimes",
        "userDefined": false
      }
    ],
    "isTemplate": false,
    "count": 0,
    "updated": 1533593694
  },
  {
    "id": "5e39f062-d2b8-439d-89b0-03663bd72d9f",
    "data": [
      {
        "text": "When do you ",
        "userDefined": false
      },
      {
        "text": "open",
        "alias": "openClosingTimes",
        "meta": "@OpenClosingTimes",
        "userDefined": false
      },
      {
        "text": "?",
        "userDefined": false
      }
    ],
    "isTemplate": false,
    "count": 0,
    "updated": 1533593694
  },
  {
    "id": "0720c151-7f09-4db6-8017-c0c1571a956d",
    "data": [
      {
        "text": "When does the ",
        "userDefined": false
      },
      {
        "text": "business center",
        "alias": "facilities",
        "meta": "@Facilities",
        "userDefined": true
      },
      {
        "text": " ",
        "userDefined": false
      },
      {
        "text": "open",
        "alias": "openClosingTimes",
        "meta": "@OpenClosingTimes",
        "userDefined": false
      },
      {
        "text": "?",
        "userDefined": false
      }
    ],
    "isTemplate": false,
    "count": 0,
    "updated": 1533593694
  },
  {
    "id": "d9f2ed1b-4e49-419a-a5c7-0a9801a84532",
    "data": [
      {
        "text": "What is your ",
        "userDefined": false
      },
      {
        "text": "closing time",
        "alias": "openClosingTimes",
        "meta": "@OpenClosingTimes",
        "userDefined": false
      },
      {
        "text": "?",
        "userDefined": false
      }
    ],
    "isTemplate": false,
    "count": 0,
    "updated": 1533593694
  },
  {
    "id": "c70c7f1f-3c44-4a27-9937-ed8a569adc4f",
    "data": [
      {
        "text": "When is the ",
        "userDefined": false
      },
      {
        "text": "checkout",
        "alias": "actions",
        "meta": "@Actions",
        "userDefined": false
      },
      {
        "text": " ",
        "userDefined": false
      },
      {
        "text": "time",
        "alias": "openClosingTimes",
        "meta": "@OpenClosingTimes",
        "userDefined": false
      }
    ],
    "isTemplate": false,
    "count": 0,
    "updated": 1533593694
  },
  {
    "id": "58847a41-2935-4f8b-8607-b135541f2c66",
    "data": [
      {
        "text": "Is ",
        "userDefined": false
      },
      {
        "text": "restaurant",
        "alias": "facilities",
        "meta": "@Facilities",
        "userDefined": true
      },
      {
        "text": " ",
        "userDefined": false
      },
      {
        "text": "open",
        "alias": "openClosingTimes",
        "meta": "@OpenClosingTimes",
        "userDefined": false
      },
      {
        "text": " ",
        "userDefined": false
      },
      {
        "text": "now",
        "alias": "date-time",
        "meta": "@sys.date-time",
        "userDefined": true
      }
    ],
    "isTemplate": false,
    "count": 0,
    "updated": 1533593694
  },
  {
    "id": "122b76c0-25f6-4814-bab1-2f028b0b9493",
    "data": [
      {
        "text": "check in",
        "alias": "actions",
        "meta": "@Actions",
        "userDefined": false
      },
      {
        "text": " ",
        "userDefined": false
      },
      {
        "text": "time",
        "alias": "openClosingTimes",
        "meta": "@OpenClosingTimes",
        "userDefined": false
      }
    ],
    "isTemplate": false,
    "count": 0,
    "updated": 1533593694
  },
  {
    "id": "4ee8cbc4-1976-4eab-953e-44a206d60583",
    "data": [
      {
        "text": "What is ",
        "userDefined": false
      },
      {
        "text": "your",
        "alias": "idnoun",
        "meta": "@lang-elements",
        "userDefined": false
      },
      {
        "text": " ",
        "userDefined": false
      },
      {
        "text": "checkout",
        "alias": "actions",
        "meta": "@Actions",
        "userDefined": false
      },
      {
        "text": " ",
        "userDefined": false
      },
      {
        "text": "time",
        "alias": "openClosingTimes",
        "meta": "@OpenClosingTimes",
        "userDefined": false
      },
      {
        "text": "?",
        "userDefined": false
      }
    ],
    "isTemplate": false,
    "count": 0,
    "updated": 1533593694
  },
  {
    "id": "61ba6ca1-a29c-45d7-9ba5-e971ab9bc63a",
    "data": [
      {
        "text": "What is ",
        "userDefined": false
      },
      {
        "text": "closing time",
        "alias": "openClosingTimes",
        "meta": "@OpenClosingTimes",
        "userDefined": false
      },
      {
        "text": " of the ",
        "userDefined": false
      },
      {
        "text": "restaurant",
        "alias": "facilities",
        "meta": "@Facilities",
        "userDefined": true
      },
      {
        "text": "?",
        "userDefined": false
      }
    ],
    "isTemplate": false,
    "count": 0,
    "updated": 1533593694
  },
  {
    "id": "9a16b9d2-e21e-4262-9e17-7c5d662443eb",
    "data": [
      {
        "text": "when does the ",
        "userDefined": false
      },
      {
        "text": "bar",
        "alias": "facilities",
        "meta": "@Facilities",
        "userDefined": true
      },
      {
        "text": " ",
        "userDefined": false
      },
      {
        "text": "close",
        "alias": "openClosingTimes",
        "meta": "@OpenClosingTimes",
        "userDefined": false
      },
      {
        "text": "?",
        "userDefined": false
      }
    ],
    "isTemplate": false,
    "count": 0,
    "updated": 1533593694
  },
  {
    "id": "9f7ec07e-bde6-463f-88c9-88ef71a6071b",
    "data": [
      {
        "text": "gym",
        "alias": "facilities",
        "meta": "@Facilities",
        "userDefined": false
      },
      {
        "text": " ",
        "userDefined": false
      },
      {
        "text": "hours",
        "alias": "openClosingTimes",
        "meta": "@OpenClosingTimes",
        "userDefined": true
      }
    ],
    "isTemplate": false,
    "count": 0,
    "updated": 1533593694
  },
  {
    "id": "55017da4-126e-4cae-bb1d-68889395e203",
    "data": [
      {
        "text": "what are ",
        "userDefined": false
      },
      {
        "text": "gym",
        "alias": "facilities",
        "meta": "@Facilities",
        "userDefined": false
      },
      {
        "text": " ",
        "userDefined": false
      },
      {
        "text": "timings",
        "alias": "openClosingTimes",
        "meta": "@OpenClosingTimes",
        "userDefined": false
      }
    ],
    "isTemplate": false,
    "count": 0,
    "updated": 1533593694
  },
  {
    "id": "94cdef98-3d72-443b-8ac6-24482d92635c",
    "data": [
      {
        "text": "What is ",
        "userDefined": false
      },
      {
        "text": "restaurant",
        "alias": "facilities",
        "meta": "@Facilities",
        "userDefined": true
      },
      {
        "text": "\u0027s ",
        "userDefined": false
      },
      {
        "text": "closing time",
        "alias": "openClosingTimes",
        "meta": "@OpenClosingTimes",
        "userDefined": false
      },
      {
        "text": "?",
        "userDefined": false
      }
    ],
    "isTemplate": false,
    "count": 1,
    "updated": 1533593694
  },
  {
    "id": "db45281a-3943-484d-91f3-b487a8cf4dd5",
    "data": [
      {
        "text": "when",
        "alias": "openClosingTimes",
        "meta": "@OpenClosingTimes",
        "userDefined": false
      },
      {
        "text": " ",
        "userDefined": false
      },
      {
        "text": "do",
        "alias": "question",
        "meta": "@lang-elements",
        "userDefined": false
      },
      {
        "text": " ",
        "userDefined": false
      },
      {
        "text": "i",
        "alias": "idnoun",
        "meta": "@lang-elements",
        "userDefined": false
      },
      {
        "text": " ",
        "userDefined": false
      },
      {
        "text": "checkin",
        "alias": "actions",
        "meta": "@Actions",
        "userDefined": false
      }
    ],
    "isTemplate": false,
    "count": 0,
    "updated": 1533593694
  },
  {
    "id": "6f79895f-5e64-4528-a8d9-c10404f65245",
    "data": [
      {
        "text": "Adult Pool",
        "alias": "facilities",
        "meta": "@Facilities",
        "userDefined": false
      },
      {
        "text": " ",
        "userDefined": false
      },
      {
        "text": "time",
        "alias": "openClosingTimes",
        "meta": "@OpenClosingTimes",
        "userDefined": true
      },
      {
        "text": "?",
        "userDefined": false
      }
    ],
    "isTemplate": false,
    "count": 0,
    "updated": 1533593694
  },
  {
    "id": "49006370-806a-43ab-868c-45e34964e19b",
    "data": [
      {
        "text": "restaurant",
        "alias": "facilities",
        "meta": "@Facilities",
        "userDefined": true
      },
      {
        "text": " ",
        "userDefined": false
      },
      {
        "text": "hours",
        "alias": "openClosingTimes",
        "meta": "@OpenClosingTimes",
        "userDefined": false
      }
    ],
    "isTemplate": false,
    "count": 0,
    "updated": 1533593694
  },
  {
    "id": "f77b3511-c536-4062-bc8c-ada7ba47d78a",
    "data": [
      {
        "text": "When do the ",
        "userDefined": false
      },
      {
        "text": "kitchen",
        "alias": "facilities",
        "meta": "@Facilities",
        "userDefined": false
      },
      {
        "text": " ",
        "userDefined": false
      },
      {
        "text": "close",
        "alias": "openClosingTimes",
        "meta": "@OpenClosingTimes",
        "userDefined": false
      }
    ],
    "isTemplate": false,
    "count": 0,
    "updated": 1533593694
  },
  {
    "id": "4e588b2b-317c-4e70-9f14-57189c8a3c74",
    "data": [
      {
        "text": "what is ",
        "userDefined": false
      },
      {
        "text": "your",
        "alias": "idnoun",
        "meta": "@lang-elements",
        "userDefined": false
      },
      {
        "text": " ",
        "userDefined": false
      },
      {
        "text": "cut off time",
        "alias": "openClosingTimes",
        "meta": "@OpenClosingTimes",
        "userDefined": false
      },
      {
        "text": "?",
        "userDefined": false
      }
    ],
    "isTemplate": false,
    "count": 0,
    "updated": 1533593694
  },
  {
    "id": "4c04f109-361b-40d7-a691-b6e80a005084",
    "data": [
      {
        "text": "SPA",
        "alias": "facilities",
        "meta": "@Facilities",
        "userDefined": true
      },
      {
        "text": " timings",
        "userDefined": false
      }
    ],
    "isTemplate": false,
    "count": 0,
    "updated": 1533593694
  },
  {
    "id": "628e3415-7a36-492d-bc2d-caae04e1bc80",
    "data": [
      {
        "text": "what is your ",
        "userDefined": false
      },
      {
        "text": "last order time",
        "alias": "openClosingTimes",
        "meta": "@OpenClosingTimes",
        "userDefined": false
      },
      {
        "text": "?",
        "userDefined": false
      }
    ],
    "isTemplate": false,
    "count": 0,
    "updated": 1533593694
  },
  {
    "id": "0381d4f0-04d9-467a-92ef-915d7b9b1560",
    "data": [
      {
        "text": "what is the ",
        "userDefined": false
      },
      {
        "text": "closing time",
        "alias": "openClosingTimes",
        "meta": "@OpenClosingTimes",
        "userDefined": false
      },
      {
        "text": " of ",
        "userDefined": false
      },
      {
        "text": "heated pool",
        "alias": "facilities",
        "meta": "@Facilities",
        "userDefined": true
      },
      {
        "text": "?",
        "userDefined": false
      }
    ],
    "isTemplate": false,
    "count": 0,
    "updated": 1533593694
  },
  {
    "id": "1d42001d-d7db-4447-8d1e-6f8ddb397e0c",
    "data": [
      {
        "text": "When do the ",
        "userDefined": false
      },
      {
        "text": "restaurant",
        "alias": "facilities",
        "meta": "@Facilities",
        "userDefined": true
      },
      {
        "text": " ",
        "userDefined": false
      },
      {
        "text": "close",
        "alias": "openClosingTimes",
        "meta": "@OpenClosingTimes",
        "userDefined": false
      },
      {
        "text": "?",
        "userDefined": false
      }
    ],
    "isTemplate": false,
    "count": 0,
    "updated": 1533593694
  },
  {
    "id": "8e7da9b8-4c2b-40c7-9378-aa79f1d680fa",
    "data": [
      {
        "text": "what",
        "alias": "question",
        "meta": "@lang-elements",
        "userDefined": false
      },
      {
        "text": " ",
        "userDefined": false
      },
      {
        "text": "time",
        "meta": "@sys.ignore",
        "userDefined": false
      },
      {
        "text": " ",
        "userDefined": false
      },
      {
        "text": "breakfast",
        "alias": "eatNDrink",
        "meta": "@EatNDrink",
        "userDefined": false
      },
      {
        "text": " ",
        "userDefined": false
      },
      {
        "text": "start",
        "alias": "openClosingTimes",
        "meta": "@OpenClosingTimes",
        "userDefined": false
      }
    ],
    "isTemplate": false,
    "count": 0,
    "updated": 1533593694
  },
  {
    "id": "0d9d4a05-3f6a-469a-ac2f-d2ea559fa8c1",
    "data": [
      {
        "text": "is ",
        "userDefined": false
      },
      {
        "text": "restaurant",
        "alias": "facilities",
        "meta": "@Facilities",
        "userDefined": false
      },
      {
        "text": " ",
        "userDefined": false
      },
      {
        "text": "open 24 hours",
        "alias": "openClosingTimes",
        "meta": "@OpenClosingTimes",
        "userDefined": false
      }
    ],
    "isTemplate": false,
    "count": 0,
    "updated": 1533593694
  },
  {
    "id": "606fe4e4-2001-4521-95fd-0f6652a8578d",
    "data": [
      {
        "text": "When do you take  ",
        "userDefined": false
      },
      {
        "text": "last order",
        "alias": "openClosingTimes",
        "meta": "@OpenClosingTimes",
        "userDefined": false
      }
    ],
    "isTemplate": false,
    "count": 0,
    "updated": 1533593694
  },
  {
    "id": "0b689eb5-50ee-4ea9-9747-a92a91c19950",
    "data": [
      {
        "text": "Is ",
        "userDefined": false
      },
      {
        "text": "GYM",
        "alias": "facilities",
        "meta": "@Facilities",
        "userDefined": false
      },
      {
        "text": " ",
        "userDefined": false
      },
      {
        "text": "open",
        "alias": "openClosingTimes",
        "meta": "@OpenClosingTimes",
        "userDefined": false
      },
      {
        "text": " ",
        "userDefined": false
      },
      {
        "text": "now",
        "alias": "date-time",
        "meta": "@sys.date-time",
        "userDefined": true
      }
    ],
    "isTemplate": false,
    "count": 0,
    "updated": 1533593694
  },
  {
    "id": "2777d0c5-eaac-4556-a626-3677dc27fc96",
    "data": [
      {
        "text": "GYM",
        "alias": "facilities",
        "meta": "@Facilities",
        "userDefined": true
      },
      {
        "text": " timings",
        "userDefined": false
      }
    ],
    "isTemplate": false,
    "count": 0,
    "updated": 1533593694
  },
  {
    "id": "5e19951b-cd63-44ac-bad0-1dc3946d2db7",
    "data": [
      {
        "text": "When does the ",
        "userDefined": false
      },
      {
        "text": "Bar",
        "alias": "facilities",
        "meta": "@Facilities",
        "userDefined": true
      },
      {
        "text": " ",
        "userDefined": false
      },
      {
        "text": "Open",
        "alias": "openClosingTimes",
        "meta": "@OpenClosingTimes",
        "userDefined": true
      },
      {
        "text": "?",
        "userDefined": false
      }
    ],
    "isTemplate": false,
    "count": 0,
    "updated": 1533593694
  },
  {
    "id": "97fe3b31-8292-4f0b-90e1-511bc062f74f",
    "data": [
      {
        "text": "when",
        "alias": "openClosingTimes",
        "meta": "@OpenClosingTimes",
        "userDefined": false
      },
      {
        "text": " ",
        "userDefined": false
      },
      {
        "text": "do you",
        "meta": "@sys.ignore",
        "userDefined": false
      },
      {
        "text": " ",
        "userDefined": false
      },
      {
        "text": "serve",
        "alias": "actions",
        "meta": "@Actions",
        "userDefined": false
      },
      {
        "text": " ",
        "userDefined": false
      },
      {
        "text": "dinner",
        "alias": "eatNDrink",
        "meta": "@EatNDrink",
        "userDefined": false
      }
    ],
    "isTemplate": false,
    "count": 0,
    "updated": 1533593694
  },
  {
    "id": "74466079-4489-4002-ae8e-718548ee27e2",
    "data": [
      {
        "text": "When does this place ",
        "userDefined": false
      },
      {
        "text": "open",
        "alias": "openClosingTimes",
        "meta": "@OpenClosingTimes",
        "userDefined": false
      },
      {
        "text": "?",
        "userDefined": false
      }
    ],
    "isTemplate": false,
    "count": 0,
    "updated": 1533593694
  },
  {
    "id": "0b49207a-3246-4a09-9335-935e82d8d376",
    "data": [
      {
        "text": "When ",
        "userDefined": false
      },
      {
        "text": "kitchen",
        "alias": "facilities",
        "meta": "@Facilities",
        "userDefined": false
      },
      {
        "text": " closes",
        "userDefined": false
      }
    ],
    "isTemplate": false,
    "count": 0,
    "updated": 1533593694
  },
  {
    "id": "bb446b92-9af5-4ffc-9505-2a9440d0fb1c",
    "data": [
      {
        "text": "GYM",
        "alias": "facilities",
        "meta": "@Facilities",
        "userDefined": true
      },
      {
        "text": " time",
        "userDefined": false
      }
    ],
    "isTemplate": false,
    "count": 0,
    "updated": 1533593694
  },
  {
    "id": "adca3311-f8f8-48c9-b67f-4627000cc01c",
    "data": [
      {
        "text": "what is ",
        "userDefined": false
      },
      {
        "text": "spa",
        "alias": "facilities",
        "meta": "@Facilities",
        "userDefined": false
      },
      {
        "text": " ",
        "userDefined": false
      },
      {
        "text": "timing",
        "alias": "openClosingTimes",
        "meta": "@OpenClosingTimes",
        "userDefined": true
      }
    ],
    "isTemplate": false,
    "count": 0,
    "updated": 1533593694
  },
  {
    "id": "733410d1-cd95-42b9-992e-97476563d9ad",
    "data": [
      {
        "text": "When does the ",
        "userDefined": false
      },
      {
        "text": "business center",
        "alias": "facilities",
        "meta": "@Facilities",
        "userDefined": true
      },
      {
        "text": " ",
        "userDefined": false
      },
      {
        "text": "close",
        "alias": "openClosingTimes",
        "meta": "@OpenClosingTimes",
        "userDefined": false
      },
      {
        "text": "?",
        "userDefined": false
      }
    ],
    "isTemplate": false,
    "count": 0,
    "updated": 1533593694
  },
  {
    "id": "6ada9095-bc7c-462f-81a4-8bb978da18ed",
    "data": [
      {
        "text": "when",
        "alias": "openClosingTimes",
        "meta": "@OpenClosingTimes",
        "userDefined": true
      },
      {
        "text": " ",
        "userDefined": false
      },
      {
        "text": "do you",
        "meta": "@sys.ignore",
        "userDefined": false
      },
      {
        "text": " ",
        "userDefined": false
      },
      {
        "text": "serve",
        "alias": "actions",
        "meta": "@Actions",
        "userDefined": false
      },
      {
        "text": " ",
        "userDefined": false
      },
      {
        "text": "breakfast",
        "alias": "eatNDrink",
        "meta": "@EatNDrink",
        "userDefined": false
      }
    ],
    "isTemplate": false,
    "count": 0,
    "updated": 1533593694
  },
  {
    "id": "2a104609-ce0f-4872-8194-e201a5428f79",
    "data": [
      {
        "text": "What is the ",
        "userDefined": false
      },
      {
        "text": "lastcall time",
        "alias": "openClosingTimes",
        "meta": "@OpenClosingTimes",
        "userDefined": false
      },
      {
        "text": " for the ",
        "userDefined": false
      },
      {
        "text": "restaurant",
        "alias": "facilities",
        "meta": "@Facilities",
        "userDefined": true
      },
      {
        "text": "?",
        "userDefined": false
      }
    ],
    "isTemplate": false,
    "count": 1,
    "updated": 1533593694
  },
  {
    "id": "ef27e41f-7224-4217-adcf-4d33538a145e",
    "data": [
      {
        "text": "When does the ",
        "userDefined": false
      },
      {
        "text": "SPA",
        "alias": "facilities",
        "meta": "@Facilities",
        "userDefined": true
      },
      {
        "text": " ",
        "userDefined": false
      },
      {
        "text": "open",
        "alias": "openClosingTimes",
        "meta": "@OpenClosingTimes",
        "userDefined": false
      },
      {
        "text": "?",
        "userDefined": false
      }
    ],
    "isTemplate": false,
    "count": 0,
    "updated": 1533593694
  },
  {
    "id": "243f92bb-e7cd-4288-a181-9860aecefbad",
    "data": [
      {
        "text": "When do the ",
        "userDefined": false
      },
      {
        "text": "restaurant",
        "alias": "facilities",
        "meta": "@Facilities",
        "userDefined": true
      },
      {
        "text": " ",
        "userDefined": false
      },
      {
        "text": "Open",
        "alias": "openClosingTimes",
        "meta": "@OpenClosingTimes",
        "userDefined": true
      },
      {
        "text": "?",
        "userDefined": false
      }
    ],
    "isTemplate": false,
    "count": 0,
    "updated": 1533593694
  },
  {
    "id": "886bd052-b1c5-40be-b8e6-a60db328f710",
    "data": [
      {
        "text": "what is ",
        "userDefined": false
      },
      {
        "text": "closing time",
        "alias": "openClosingTimes",
        "meta": "@OpenClosingTimes",
        "userDefined": false
      },
      {
        "text": " of ",
        "userDefined": false
      },
      {
        "text": "pool",
        "alias": "facilities",
        "meta": "@Facilities",
        "userDefined": true
      },
      {
        "text": "?",
        "userDefined": false
      }
    ],
    "isTemplate": false,
    "count": 0,
    "updated": 1533593694
  },
  {
    "id": "1e30183f-03f2-4d95-958c-2b1ecc75af30",
    "data": [
      {
        "text": "what is the ",
        "userDefined": false
      },
      {
        "text": "closing time",
        "alias": "openClosingTimes",
        "meta": "@OpenClosingTimes",
        "userDefined": false
      },
      {
        "text": " of ",
        "userDefined": false
      },
      {
        "text": "business center",
        "alias": "facilities",
        "meta": "@Facilities",
        "userDefined": true
      },
      {
        "text": "?",
        "userDefined": false
      }
    ],
    "isTemplate": false,
    "count": 0,
    "updated": 1533593694
  },
  {
    "id": "36950bd0-3763-43cb-98ad-8e4a23f3863e",
    "data": [
      {
        "text": "Is ",
        "userDefined": false
      },
      {
        "text": "GYM",
        "alias": "facilities",
        "meta": "@Facilities",
        "userDefined": false
      },
      {
        "text": " ",
        "userDefined": false
      },
      {
        "text": "open",
        "alias": "openClosingTimes",
        "meta": "@OpenClosingTimes",
        "userDefined": false
      },
      {
        "text": " ",
        "userDefined": false
      },
      {
        "text": "on sunday",
        "alias": "date",
        "meta": "@sys.date",
        "userDefined": false
      }
    ],
    "isTemplate": false,
    "count": 0,
    "updated": 1533593694
  },
  {
    "id": "1f89cc7e-b39d-4a2b-b9b2-22d57b64e699",
    "data": [
      {
        "text": "When does the ",
        "userDefined": false
      },
      {
        "text": "sauna",
        "alias": "facilities",
        "meta": "@Facilities",
        "userDefined": true
      },
      {
        "text": " ",
        "userDefined": false
      },
      {
        "text": "open",
        "alias": "openClosingTimes",
        "meta": "@OpenClosingTimes",
        "userDefined": false
      },
      {
        "text": "?",
        "userDefined": false
      }
    ],
    "isTemplate": false,
    "count": 0,
    "updated": 1533593694
  },
  {
    "id": "d2591ced-9d25-4e1d-ae96-1e5dea5010d9",
    "data": [
      {
        "text": "What is ",
        "userDefined": false
      },
      {
        "text": "restaurant",
        "alias": "facilities",
        "meta": "@Facilities",
        "userDefined": true
      },
      {
        "text": "\u0027s ",
        "userDefined": false
      },
      {
        "text": "Open",
        "alias": "openClosingTimes",
        "meta": "@OpenClosingTimes",
        "userDefined": true
      },
      {
        "text": " time?",
        "userDefined": false
      }
    ],
    "isTemplate": false,
    "count": 0,
    "updated": 1533593694
  },
  {
    "id": "9a396b82-6ebc-4f61-89e7-882214367597",
    "data": [
      {
        "text": "What time you take your ",
        "userDefined": false
      },
      {
        "text": "last order",
        "alias": "openClosingTimes",
        "meta": "@OpenClosingTimes",
        "userDefined": false
      },
      {
        "text": "?",
        "userDefined": false
      }
    ],
    "isTemplate": false,
    "count": 0,
    "updated": 1533593694
  },
  {
    "id": "8cbb35c7-8321-43b8-b8f4-c6ea9e729456",
    "data": [
      {
        "text": "when",
        "alias": "openClosingTimes",
        "meta": "@OpenClosingTimes",
        "userDefined": false
      },
      {
        "text": " ",
        "userDefined": false
      },
      {
        "text": "do you",
        "meta": "@sys.ignore",
        "userDefined": false
      },
      {
        "text": " ",
        "userDefined": false
      },
      {
        "text": "serve",
        "alias": "actions",
        "meta": "@Actions",
        "userDefined": false
      },
      {
        "text": " ",
        "userDefined": false
      },
      {
        "text": "lunch",
        "alias": "eatNDrink",
        "meta": "@EatNDrink",
        "userDefined": false
      }
    ],
    "isTemplate": false,
    "count": 0,
    "updated": 1533593694
  }
]