[
  {
    "id": "5a2802fa-738b-40db-8b5e-6ef212fa7d83",
    "data": [
      {
        "text": "i hear a lot of ",
        "userDefined": false
      },
      {
        "text": "noise",
        "alias": "sound",
        "meta": "@common-entities",
        "userDefined": false
      },
      {
        "text": " from ",
        "userDefined": false
      },
      {
        "text": "my",
        "alias": "idnoun",
        "meta": "@lang-elements",
        "userDefined": true
      },
      {
        "text": " ",
        "userDefined": false
      },
      {
        "text": "room",
        "meta": "@sys.ignore",
        "userDefined": false
      }
    ],
    "isTemplate": false,
    "count": 0,
    "updated": 1533694754
  },
  {
    "id": "1fd7392b-ac8c-490b-9209-f92bfd6e2c3f",
    "data": [
      {
        "text": "do you have ",
        "userDefined": false
      },
      {
        "text": "safe",
        "alias": "room-amenities",
        "meta": "@room-amenities",
        "userDefined": false
      },
      {
        "text": " in the ",
        "userDefined": false
      },
      {
        "text": "room",
        "meta": "@sys.ignore",
        "userDefined": false
      }
    ],
    "isTemplate": false,
    "count": 0,
    "updated": 1533694754
  },
  {
    "id": "0e79e9d4-182f-4b01-938c-140bf2884a70",
    "data": [
      {
        "text": "do you have ",
        "userDefined": false
      },
      {
        "text": "digital safe",
        "alias": "room-amenities",
        "meta": "@room-amenities",
        "userDefined": false
      },
      {
        "text": " in the ",
        "userDefined": false
      },
      {
        "text": "room",
        "alias": "item",
        "meta": "@item",
        "userDefined": false
      }
    ],
    "isTemplate": false,
    "count": 0,
    "updated": 1533694754
  },
  {
    "id": "9a3f7d80-c59f-4f7c-94d0-48a6f02887ce",
    "data": [
      {
        "text": "do you",
        "alias": "question",
        "meta": "@lang-elements",
        "userDefined": false
      },
      {
        "text": " provide ",
        "userDefined": false
      },
      {
        "text": "rollaway beds",
        "alias": "room-amenities",
        "meta": "@room-amenities",
        "userDefined": true
      }
    ],
    "isTemplate": false,
    "count": 0,
    "updated": 1533694754
  },
  {
    "id": "c988bf64-607a-4116-8b5e-3f09e393fb22",
    "data": [
      {
        "text": "do you have ",
        "userDefined": false
      },
      {
        "text": "cooking appliance",
        "alias": "item",
        "meta": "@item",
        "userDefined": true
      },
      {
        "text": " in the ",
        "userDefined": false
      },
      {
        "text": "room",
        "meta": "@sys.ignore",
        "userDefined": false
      }
    ],
    "isTemplate": false,
    "count": 0,
    "updated": 1533694754
  },
  {
    "id": "af5eae28-4563-461c-b866-705b31a3a7ce",
    "data": [
      {
        "text": "Can you",
        "alias": "question",
        "meta": "@lang-elements",
        "userDefined": false
      },
      {
        "text": " ",
        "userDefined": false
      },
      {
        "text": "send the bellman",
        "alias": "action",
        "meta": "@Actions",
        "userDefined": false
      }
    ],
    "isTemplate": false,
    "count": 0,
    "updated": 1533694754
  },
  {
    "id": "bb9bff6b-a048-4506-a814-efa10537f47f",
    "data": [
      {
        "text": "do you",
        "alias": "question",
        "meta": "@lang-elements",
        "userDefined": false
      },
      {
        "text": " ",
        "userDefined": false
      },
      {
        "text": "sell",
        "alias": "action",
        "meta": "@Actions",
        "userDefined": false
      },
      {
        "text": " ",
        "userDefined": false
      },
      {
        "text": "gift cards",
        "alias": "item",
        "meta": "@item",
        "userDefined": false
      }
    ],
    "isTemplate": false,
    "count": 0,
    "updated": 1533694754
  },
  {
    "id": "659c294e-db5d-47eb-8fe7-95bcd35791a3",
    "data": [
      {
        "text": "I ",
        "userDefined": false
      },
      {
        "text": "need",
        "alias": "action",
        "meta": "@Actions",
        "userDefined": false
      },
      {
        "text": " extra ",
        "userDefined": false
      },
      {
        "text": "towel",
        "alias": "toilettes",
        "meta": "@Toilettes",
        "userDefined": false
      }
    ],
    "isTemplate": false,
    "count": 0,
    "updated": 1533694754
  },
  {
    "id": "a1d8de70-9b46-42fc-b2d0-2270f1a5e995",
    "data": [
      {
        "text": "Do you",
        "alias": "question",
        "meta": "@lang-elements",
        "userDefined": false
      },
      {
        "text": " provide ",
        "userDefined": false
      },
      {
        "text": "ironing board",
        "alias": "room-amenities",
        "meta": "@room-amenities",
        "userDefined": false
      }
    ],
    "isTemplate": false,
    "count": 0,
    "updated": 1533694754
  },
  {
    "id": "900aaace-2268-472c-a5b8-b4172c9b916f",
    "data": [
      {
        "text": "can i",
        "alias": "question",
        "meta": "@lang-elements",
        "userDefined": false
      },
      {
        "text": " get ",
        "userDefined": false
      },
      {
        "text": "smoking room",
        "alias": "facilities",
        "meta": "@Facilities",
        "userDefined": false
      }
    ],
    "isTemplate": false,
    "count": 0,
    "updated": 1533694754
  },
  {
    "id": "200b08eb-00a7-4ddc-928e-f193abae84cb",
    "data": [
      {
        "text": "any ",
        "userDefined": false
      },
      {
        "text": "restaurant",
        "alias": "facilities",
        "meta": "@Facilities",
        "userDefined": false
      },
      {
        "text": " ",
        "userDefined": false
      },
      {
        "text": "nearby",
        "alias": "proximity",
        "meta": "@Proximity",
        "userDefined": true
      }
    ],
    "isTemplate": false,
    "count": 0,
    "updated": 1533694754
  },
  {
    "id": "d1a1bcfe-4733-4105-95ba-5c933923a519",
    "data": [
      {
        "text": "are there ",
        "userDefined": false
      },
      {
        "text": "bars",
        "alias": "facilities",
        "meta": "@Facilities",
        "userDefined": false
      },
      {
        "text": " ",
        "userDefined": false
      },
      {
        "text": "near by",
        "alias": "proximity",
        "meta": "@Proximity",
        "userDefined": true
      }
    ],
    "isTemplate": false,
    "count": 0,
    "updated": 1533694754
  },
  {
    "id": "e79a108f-c394-4a8e-90ce-88bf08070aa0",
    "data": [
      {
        "text": "can I",
        "alias": "question",
        "meta": "@lang-elements",
        "userDefined": false
      },
      {
        "text": " ",
        "userDefined": false
      },
      {
        "text": "extend",
        "alias": "action",
        "meta": "@Actions",
        "userDefined": false
      },
      {
        "text": " my stay",
        "userDefined": false
      }
    ],
    "isTemplate": false,
    "count": 0,
    "updated": 1533694754
  },
  {
    "id": "c2bdb0a0-b896-4e74-ae0e-3b44ae5fa2fc",
    "data": [
      {
        "text": "Send someone to ",
        "userDefined": false
      },
      {
        "text": "clean",
        "alias": "action",
        "meta": "@Actions",
        "userDefined": false
      },
      {
        "text": " the ",
        "userDefined": false
      },
      {
        "text": "room",
        "meta": "@sys.ignore",
        "userDefined": true
      }
    ],
    "isTemplate": false,
    "count": 0,
    "updated": 1533694754
  },
  {
    "id": "257bab15-0bc1-42aa-8b8c-0e74565d13f3",
    "data": [
      {
        "text": "nearby",
        "alias": "proximity",
        "meta": "@Proximity",
        "userDefined": true
      },
      {
        "text": " ",
        "userDefined": false
      },
      {
        "text": "restaurants",
        "alias": "facilities",
        "meta": "@Facilities",
        "userDefined": false
      }
    ],
    "isTemplate": false,
    "count": 0,
    "updated": 1533694754
  },
  {
    "id": "81e53fb8-9477-424a-ab9e-188bed1bd55a",
    "data": [
      {
        "text": "i want to ",
        "userDefined": false
      },
      {
        "text": "order",
        "alias": "action",
        "meta": "@Actions",
        "userDefined": true
      },
      {
        "text": " ",
        "userDefined": false
      },
      {
        "text": "food",
        "alias": "eatNDrink",
        "meta": "@EatNDrink",
        "userDefined": true
      }
    ],
    "isTemplate": false,
    "count": 0,
    "updated": 1533694754
  },
  {
    "id": "73b39322-a7a4-4128-b8cc-f3fc0409082f",
    "data": [
      {
        "text": "what are ",
        "userDefined": false
      },
      {
        "text": "near by",
        "alias": "proximity",
        "meta": "@Proximity",
        "userDefined": true
      },
      {
        "text": " ",
        "userDefined": false
      },
      {
        "text": "bars",
        "alias": "facilities",
        "meta": "@Facilities",
        "userDefined": false
      }
    ],
    "isTemplate": false,
    "count": 0,
    "updated": 1533694754
  },
  {
    "id": "eb7ecb74-9efb-4cee-abd1-8fc3034596b6",
    "data": [
      {
        "text": "do you have ",
        "userDefined": false
      },
      {
        "text": "rollaway beds",
        "alias": "room-amenities",
        "meta": "@room-amenities",
        "userDefined": true
      }
    ],
    "isTemplate": false,
    "count": 0,
    "updated": 1533694754
  },
  {
    "id": "f1808949-2b3b-48d1-85fe-71e0c342d0ab",
    "data": [
      {
        "text": "can i",
        "alias": "question",
        "meta": "@lang-elements",
        "userDefined": false
      },
      {
        "text": " get ",
        "userDefined": false
      },
      {
        "text": "non smoking room",
        "alias": "facilities",
        "meta": "@Facilities",
        "userDefined": false
      }
    ],
    "isTemplate": false,
    "count": 0,
    "updated": 1533694754
  },
  {
    "id": "d7913094-69f9-49c8-98c1-e748ddfa2376",
    "data": [
      {
        "text": "do you have ",
        "userDefined": false
      },
      {
        "text": "cribs",
        "alias": "room-amenities",
        "meta": "@room-amenities",
        "userDefined": false
      }
    ],
    "isTemplate": false,
    "count": 0,
    "updated": 1533694754
  },
  {
    "id": "c450c87b-f1ac-4a36-8f9f-82c4f4026d00",
    "data": [
      {
        "text": "nearby",
        "alias": "proximity",
        "meta": "@Proximity",
        "userDefined": true
      },
      {
        "text": " ",
        "userDefined": false
      },
      {
        "text": "bars",
        "alias": "facilities",
        "meta": "@Facilities",
        "userDefined": false
      }
    ],
    "isTemplate": false,
    "count": 0,
    "updated": 1533694754
  },
  {
    "id": "56abd3ab-bf33-4363-b39d-f3cedb397f43",
    "data": [
      {
        "text": "send the bellman",
        "alias": "action",
        "meta": "@Actions",
        "userDefined": false
      }
    ],
    "isTemplate": false,
    "count": 0,
    "updated": 1533694754
  },
  {
    "id": "bb67d24a-1f03-470b-802b-9a19c2a474cc",
    "data": [
      {
        "text": "I would like to ",
        "userDefined": false
      },
      {
        "text": "order",
        "alias": "action",
        "meta": "@Actions",
        "userDefined": true
      },
      {
        "text": " ",
        "userDefined": false
      },
      {
        "text": "food",
        "alias": "eatNDrink",
        "meta": "@EatNDrink",
        "userDefined": false
      }
    ],
    "isTemplate": false,
    "count": 0,
    "updated": 1533694754
  },
  {
    "id": "994a9716-72e6-4822-91b2-c15730a9398d",
    "data": [
      {
        "text": "I ",
        "userDefined": false
      },
      {
        "text": "need",
        "alias": "action",
        "meta": "@Actions",
        "userDefined": false
      },
      {
        "text": " ",
        "userDefined": false
      },
      {
        "text": "razor",
        "alias": "toilettes",
        "meta": "@Toilettes",
        "userDefined": false
      }
    ],
    "isTemplate": false,
    "count": 0,
    "updated": 1533694754
  },
  {
    "id": "9c27bed6-85fb-4cc1-8f02-fa18d9f8fc00",
    "data": [
      {
        "text": "i need the ",
        "userDefined": false
      },
      {
        "text": "room",
        "meta": "@sys.ignore",
        "userDefined": true
      },
      {
        "text": " to be ",
        "userDefined": false
      },
      {
        "text": "cleaned",
        "alias": "action",
        "meta": "@Actions",
        "userDefined": false
      }
    ],
    "isTemplate": false,
    "count": 0,
    "updated": 1533694754
  },
  {
    "id": "beb1a367-f844-4355-810e-9ee5d0dc9c10",
    "data": [
      {
        "text": "nearby",
        "alias": "proximity",
        "meta": "@Proximity",
        "userDefined": true
      },
      {
        "text": " ",
        "userDefined": false
      },
      {
        "text": "bar",
        "alias": "facilities",
        "meta": "@Facilities",
        "userDefined": false
      }
    ],
    "isTemplate": false,
    "count": 0,
    "updated": 1533694754
  },
  {
    "id": "a60653bb-66bc-43d2-9c0e-354f725d9436",
    "data": [
      {
        "text": "I want to order ",
        "userDefined": false
      },
      {
        "text": "drinks",
        "alias": "eatNDrink",
        "meta": "@EatNDrink",
        "userDefined": false
      },
      {
        "text": " to my room",
        "userDefined": false
      }
    ],
    "isTemplate": false,
    "count": 0,
    "updated": 1533694754
  },
  {
    "id": "349f6500-b59a-4230-a814-2d4db1b01809",
    "data": [
      {
        "text": "do you have ",
        "userDefined": false
      },
      {
        "text": "nearby",
        "alias": "proximity",
        "meta": "@Proximity",
        "userDefined": false
      },
      {
        "text": " ",
        "userDefined": false
      },
      {
        "text": "bars",
        "alias": "facilities",
        "meta": "@Facilities",
        "userDefined": false
      }
    ],
    "isTemplate": false,
    "count": 0,
    "updated": 1533694754
  },
  {
    "id": "beac929b-92f1-4d27-b291-9a15d0f1d88f",
    "data": [
      {
        "text": "do you",
        "alias": "question",
        "meta": "@lang-elements",
        "userDefined": false
      },
      {
        "text": " provide ",
        "userDefined": false
      },
      {
        "text": "ironing board",
        "alias": "room-amenities",
        "meta": "@room-amenities",
        "userDefined": false
      },
      {
        "text": " in the ",
        "userDefined": false
      },
      {
        "text": "room",
        "alias": "item",
        "meta": "@item",
        "userDefined": false
      }
    ],
    "isTemplate": false,
    "count": 0,
    "updated": 1533694754
  },
  {
    "id": "78eaab5b-5a05-47e4-8938-155e1ce99903",
    "data": [
      {
        "text": "change",
        "alias": "action",
        "meta": "@Actions",
        "userDefined": true
      },
      {
        "text": " ",
        "userDefined": false
      },
      {
        "text": "room",
        "meta": "@sys.ignore",
        "userDefined": true
      }
    ],
    "isTemplate": false,
    "count": 0,
    "updated": 1533694754
  },
  {
    "id": "6ff185d3-8d82-475f-99b9-fa06a1f1fe47",
    "data": [
      {
        "text": "nearby",
        "alias": "proximity",
        "meta": "@Proximity",
        "userDefined": true
      },
      {
        "text": " ",
        "userDefined": false
      },
      {
        "text": "restaurant",
        "alias": "facilities",
        "meta": "@Facilities",
        "userDefined": false
      }
    ],
    "isTemplate": false,
    "count": 0,
    "updated": 1533694754
  },
  {
    "id": "497d2866-eadf-4329-b962-9476bf2aa66c",
    "data": [
      {
        "text": "I want to ",
        "userDefined": false
      },
      {
        "text": "order",
        "alias": "action",
        "meta": "@Actions",
        "userDefined": true
      },
      {
        "text": " ",
        "userDefined": false
      },
      {
        "text": "food",
        "alias": "eatNDrink",
        "meta": "@EatNDrink",
        "userDefined": false
      },
      {
        "text": " to my room",
        "userDefined": false
      }
    ],
    "isTemplate": false,
    "count": 0,
    "updated": 1533694754
  },
  {
    "id": "31b9a6a8-8c6a-49be-a4bf-3496197636b5",
    "data": [
      {
        "text": "Do you have ",
        "userDefined": false
      },
      {
        "text": "phone",
        "alias": "in-room-media",
        "meta": "@in-room-media",
        "userDefined": false
      },
      {
        "text": " in the ",
        "userDefined": false
      },
      {
        "text": "room",
        "alias": "item",
        "meta": "@item",
        "userDefined": false
      }
    ],
    "isTemplate": false,
    "count": 0,
    "updated": 1533694754
  },
  {
    "id": "01881163-094e-4712-a381-4cdaadab1081",
    "data": [
      {
        "text": "I",
        "meta": "@sys.ignore",
        "userDefined": false
      },
      {
        "text": " ",
        "userDefined": false
      },
      {
        "text": "need",
        "meta": "@sys.ignore",
        "userDefined": false
      },
      {
        "text": " ",
        "userDefined": false
      },
      {
        "text": "my",
        "alias": "idnoun",
        "meta": "@lang-elements",
        "userDefined": false
      },
      {
        "text": " ",
        "userDefined": false
      },
      {
        "text": "room",
        "meta": "@sys.ignore",
        "userDefined": false
      },
      {
        "text": " ",
        "userDefined": false
      },
      {
        "text": "cleaned",
        "alias": "action",
        "meta": "@Actions",
        "userDefined": false
      }
    ],
    "isTemplate": false,
    "count": 0,
    "updated": 1533694754
  },
  {
    "id": "290229d1-251f-4181-babb-d4cb995338da",
    "data": [
      {
        "text": "can I",
        "alias": "question",
        "meta": "@lang-elements",
        "userDefined": false
      },
      {
        "text": " ",
        "userDefined": false
      },
      {
        "text": "extend",
        "alias": "action",
        "meta": "@Actions",
        "userDefined": false
      },
      {
        "text": " my stay by ",
        "userDefined": false
      },
      {
        "text": "2 days",
        "alias": "duration",
        "meta": "@sys.duration",
        "userDefined": false
      }
    ],
    "isTemplate": false,
    "count": 0,
    "updated": 1533694754
  },
  {
    "id": "190d887c-b9b9-4f95-9dc7-67d17162de9f",
    "data": [
      {
        "text": "do you have ",
        "userDefined": false
      },
      {
        "text": "bars",
        "alias": "facilities",
        "meta": "@Facilities",
        "userDefined": false
      },
      {
        "text": " ",
        "userDefined": false
      },
      {
        "text": "nearby",
        "alias": "proximity",
        "meta": "@Proximity",
        "userDefined": false
      }
    ],
    "isTemplate": false,
    "count": 0,
    "updated": 1533694754
  },
  {
    "id": "32c03744-493c-48fd-90c1-8fdca6e97070",
    "data": [
      {
        "text": "do you have ",
        "userDefined": false
      },
      {
        "text": "iron",
        "alias": "item",
        "meta": "@item",
        "userDefined": false
      }
    ],
    "isTemplate": false,
    "count": 0,
    "updated": 1533694754
  },
  {
    "id": "443c41fa-ff02-4414-81f5-08c9a16cd878",
    "data": [
      {
        "text": "do you have ",
        "userDefined": false
      },
      {
        "text": "restaurants",
        "alias": "toilettes",
        "meta": "@Toilettes",
        "userDefined": false
      },
      {
        "text": " ",
        "userDefined": false
      },
      {
        "text": "nearby",
        "alias": "proximity",
        "meta": "@Proximity",
        "userDefined": false
      }
    ],
    "isTemplate": false,
    "count": 0,
    "updated": 1533694754
  },
  {
    "id": "e3e5fc2c-2e79-419a-8ff5-e68adb64eb69",
    "data": [
      {
        "text": "i want to ",
        "userDefined": false
      },
      {
        "text": "extend",
        "alias": "action",
        "meta": "@Actions",
        "userDefined": false
      },
      {
        "text": " stay by ",
        "userDefined": false
      },
      {
        "text": "5 days",
        "alias": "duration",
        "meta": "@sys.duration",
        "userDefined": false
      }
    ],
    "isTemplate": false,
    "count": 0,
    "updated": 1533694754
  },
  {
    "id": "f6779ddf-76ee-4710-b625-89e5114c93cf",
    "data": [
      {
        "text": "I want to ",
        "userDefined": false
      },
      {
        "text": "extend",
        "alias": "action",
        "meta": "@Actions",
        "userDefined": false
      },
      {
        "text": " my stay",
        "userDefined": false
      }
    ],
    "isTemplate": false,
    "count": 0,
    "updated": 1533694754
  },
  {
    "id": "a759a020-1d68-4a7f-9412-08d15257c826",
    "data": [
      {
        "text": "i ",
        "userDefined": false
      },
      {
        "text": "need",
        "alias": "action",
        "meta": "@Actions",
        "userDefined": false
      },
      {
        "text": " ",
        "userDefined": false
      },
      {
        "text": "shampoo",
        "alias": "toilettes",
        "meta": "@Toilettes",
        "userDefined": false
      }
    ],
    "isTemplate": false,
    "count": 0,
    "updated": 1533694754
  },
  {
    "id": "4e1d5414-1d38-40c4-a633-383e2fc3f8d5",
    "data": [
      {
        "text": "do you",
        "alias": "question",
        "meta": "@lang-elements",
        "userDefined": false
      },
      {
        "text": " ",
        "userDefined": false
      },
      {
        "text": "ironing board",
        "alias": "item",
        "meta": "@item",
        "userDefined": false
      }
    ],
    "isTemplate": false,
    "count": 0,
    "updated": 1533694754
  },
  {
    "id": "6259c1fa-cb2f-48f4-ae5e-ae4bb820a59c",
    "data": [
      {
        "text": "extend",
        "alias": "action",
        "meta": "@Actions",
        "userDefined": false
      },
      {
        "text": " my stay by ",
        "userDefined": false
      },
      {
        "text": "4 days",
        "alias": "duration",
        "meta": "@sys.duration",
        "userDefined": false
      }
    ],
    "isTemplate": false,
    "count": 0,
    "updated": 1533694754
  },
  {
    "id": "5fc9e886-5125-493e-977a-da6142a8fd2e",
    "data": [
      {
        "text": "i ",
        "userDefined": false
      },
      {
        "text": "need",
        "alias": "action",
        "meta": "@Actions",
        "userDefined": false
      },
      {
        "text": " ",
        "userDefined": false
      },
      {
        "text": "q-tips",
        "alias": "toilettes",
        "meta": "@Toilettes",
        "userDefined": false
      }
    ],
    "isTemplate": false,
    "count": 0,
    "updated": 1533694754
  },
  {
    "id": "11ce6c4c-1968-4245-95be-aceffd6f8565",
    "data": [
      {
        "text": "Do you have ",
        "userDefined": false
      },
      {
        "text": "gift cards",
        "alias": "item",
        "meta": "@item",
        "userDefined": false
      }
    ],
    "isTemplate": false,
    "count": 0,
    "updated": 1533694754
  },
  {
    "id": "d51e011e-8abb-4ef8-afee-78f688636cf4",
    "data": [
      {
        "text": "i want to ",
        "userDefined": false
      },
      {
        "text": "extend",
        "alias": "action",
        "meta": "@Actions",
        "userDefined": false
      },
      {
        "text": " my stay by ",
        "userDefined": false
      },
      {
        "text": "5 days",
        "alias": "duration",
        "meta": "@sys.duration",
        "userDefined": false
      }
    ],
    "isTemplate": false,
    "count": 0,
    "updated": 1533694754
  },
  {
    "id": "a3b48d73-a688-464c-8a5e-1dbc090dcda7",
    "data": [
      {
        "text": "do you have ",
        "userDefined": false
      },
      {
        "text": "iron board",
        "alias": "item",
        "meta": "@item",
        "userDefined": false
      }
    ],
    "isTemplate": false,
    "count": 0,
    "updated": 1533694754
  },
  {
    "id": "5a4460bd-8a93-4848-8ccf-972b7a7a8c2a",
    "data": [
      {
        "text": "Any ",
        "userDefined": false
      },
      {
        "text": "nearby",
        "alias": "proximity",
        "meta": "@Proximity",
        "userDefined": false
      },
      {
        "text": " ",
        "userDefined": false
      },
      {
        "text": "shopping mall",
        "alias": "facilities",
        "meta": "@Facilities",
        "userDefined": false
      }
    ],
    "isTemplate": false,
    "count": 0,
    "updated": 1533694754
  },
  {
    "id": "fe0aa953-31bf-4997-9864-e12f6baf993f",
    "data": [
      {
        "text": "Are there any ",
        "userDefined": false
      },
      {
        "text": "restaurants",
        "alias": "toilettes",
        "meta": "@Toilettes",
        "userDefined": false
      },
      {
        "text": " ",
        "userDefined": false
      },
      {
        "text": "nearby",
        "alias": "proximity",
        "meta": "@Proximity",
        "userDefined": true
      }
    ],
    "isTemplate": false,
    "count": 0,
    "updated": 1533694754
  },
  {
    "id": "769a60a8-969c-4591-88b6-ca7c46cc37c0",
    "data": [
      {
        "text": "do you",
        "alias": "question",
        "meta": "@lang-elements",
        "userDefined": false
      },
      {
        "text": " provide ",
        "userDefined": false
      },
      {
        "text": "cribs",
        "alias": "room-amenities",
        "meta": "@room-amenities",
        "userDefined": false
      }
    ],
    "isTemplate": false,
    "count": 0,
    "updated": 1533694754
  },
  {
    "id": "5d2c3214-d929-425f-9e69-06f4e6126389",
    "data": [
      {
        "text": "change",
        "alias": "action",
        "meta": "@Actions",
        "userDefined": false
      },
      {
        "text": " ",
        "userDefined": false
      },
      {
        "text": "my",
        "alias": "idnoun",
        "meta": "@lang-elements",
        "userDefined": true
      },
      {
        "text": " ",
        "userDefined": false
      },
      {
        "text": "room",
        "meta": "@sys.ignore",
        "userDefined": false
      }
    ],
    "isTemplate": false,
    "count": 0,
    "updated": 1533694754
  },
  {
    "id": "9dd61a2e-152b-4ac3-be8a-efc41b2aa8d0",
    "data": [
      {
        "text": "do you",
        "alias": "question",
        "meta": "@lang-elements",
        "userDefined": false
      },
      {
        "text": " know about ",
        "userDefined": false
      },
      {
        "text": "nearby",
        "alias": "proximity",
        "meta": "@Proximity",
        "userDefined": false
      },
      {
        "text": " ",
        "userDefined": false
      },
      {
        "text": "restaurants",
        "alias": "toilettes",
        "meta": "@Toilettes",
        "userDefined": false
      }
    ],
    "isTemplate": false,
    "count": 0,
    "updated": 1533694754
  },
  {
    "id": "aeac4ee9-b063-44d1-9802-401746c31efe",
    "data": [
      {
        "text": "need",
        "meta": "@sys.ignore",
        "userDefined": false
      },
      {
        "text": " some ",
        "userDefined": false
      },
      {
        "text": "help with my luggages",
        "alias": "action",
        "meta": "@Actions",
        "userDefined": false
      },
      {
        "text": ".",
        "userDefined": false
      }
    ],
    "isTemplate": false,
    "count": 0,
    "updated": 1533694754
  },
  {
    "id": "a319b000-6201-4b8a-ae10-532185d1866c",
    "data": [
      {
        "text": "my",
        "alias": "idnoun",
        "meta": "@lang-elements",
        "userDefined": true
      },
      {
        "text": " ",
        "userDefined": false
      },
      {
        "text": "room",
        "meta": "@sys.ignore",
        "userDefined": false
      },
      {
        "text": " is too ",
        "userDefined": false
      },
      {
        "text": "noisy",
        "alias": "sound",
        "meta": "@common-entities",
        "userDefined": false
      }
    ],
    "isTemplate": false,
    "count": 0,
    "updated": 1533694754
  },
  {
    "id": "a83cf834-20e9-43fa-8f6e-9e3f26a34006",
    "data": [
      {
        "text": "neighbors",
        "alias": "idnoun",
        "meta": "@lang-elements",
        "userDefined": true
      },
      {
        "text": " are ",
        "userDefined": false
      },
      {
        "text": "loud",
        "alias": "sound",
        "meta": "@common-entities",
        "userDefined": false
      }
    ],
    "isTemplate": false,
    "count": 0,
    "updated": 1533694754
  },
  {
    "id": "6f7e7083-a22f-4b0c-983a-d961d88dbded",
    "data": [
      {
        "text": "please ",
        "userDefined": false
      },
      {
        "text": "extend",
        "alias": "action",
        "meta": "@Actions",
        "userDefined": false
      },
      {
        "text": " my stay by ",
        "userDefined": false
      },
      {
        "text": "2 days",
        "alias": "duration",
        "meta": "@sys.duration",
        "userDefined": false
      }
    ],
    "isTemplate": false,
    "count": 0,
    "updated": 1533694754
  },
  {
    "id": "8fa8b62e-14a8-4084-8709-dc38dc692fa7",
    "data": [
      {
        "text": "What are ",
        "userDefined": false
      },
      {
        "text": "near by",
        "alias": "proximity",
        "meta": "@Proximity",
        "userDefined": true
      },
      {
        "text": " ",
        "userDefined": false
      },
      {
        "text": "restaurants",
        "alias": "facilities",
        "meta": "@Facilities",
        "userDefined": false
      }
    ],
    "isTemplate": false,
    "count": 0,
    "updated": 1533694754
  },
  {
    "id": "da8e7494-a4fb-46cd-b712-499fbfdf1026",
    "data": [
      {
        "text": "tell me about ",
        "userDefined": false
      },
      {
        "text": "nearby",
        "alias": "proximity",
        "meta": "@Proximity",
        "userDefined": false
      },
      {
        "text": " ",
        "userDefined": false
      },
      {
        "text": "bars",
        "alias": "facilities",
        "meta": "@Facilities",
        "userDefined": false
      }
    ],
    "isTemplate": false,
    "count": 0,
    "updated": 1533694754
  },
  {
    "id": "75c135df-f1e9-4b1c-b24f-4350621f8e34",
    "data": [
      {
        "text": "I ",
        "userDefined": false
      },
      {
        "text": "need",
        "meta": "@sys.ignore",
        "userDefined": false
      },
      {
        "text": " to ",
        "userDefined": false
      },
      {
        "text": "change",
        "alias": "action",
        "meta": "@Actions",
        "userDefined": false
      },
      {
        "text": " ",
        "userDefined": false
      },
      {
        "text": "my",
        "alias": "idnoun",
        "meta": "@lang-elements",
        "userDefined": true
      },
      {
        "text": " ",
        "userDefined": false
      },
      {
        "text": "room",
        "meta": "@sys.ignore",
        "userDefined": false
      }
    ],
    "isTemplate": false,
    "count": 0,
    "updated": 1533694754
  },
  {
    "id": "6ff74341-e96c-4203-941b-420a86aba036",
    "data": [
      {
        "text": "clean",
        "alias": "action",
        "meta": "@Actions",
        "userDefined": false
      },
      {
        "text": " the room",
        "userDefined": false
      }
    ],
    "isTemplate": false,
    "count": 0,
    "updated": 1533694754
  },
  {
    "id": "deb4b19c-0fa4-4237-99db-5362001bf0e2",
    "data": [
      {
        "text": "what",
        "alias": "question",
        "meta": "@lang-elements",
        "userDefined": false
      },
      {
        "text": " kind of ",
        "userDefined": false
      },
      {
        "text": "tv",
        "alias": "in-room-media",
        "meta": "@in-room-media",
        "userDefined": false
      },
      {
        "text": " do you have",
        "userDefined": false
      }
    ],
    "isTemplate": false,
    "count": 0,
    "updated": 1533694754
  },
  {
    "id": "f9d80b7a-b087-4101-b895-017ab548fe14",
    "data": [
      {
        "text": "need",
        "meta": "@sys.ignore",
        "userDefined": false
      },
      {
        "text": " some ",
        "userDefined": false
      },
      {
        "text": "help with my luggage",
        "alias": "action",
        "meta": "@Actions",
        "userDefined": false
      }
    ],
    "isTemplate": false,
    "count": 0,
    "updated": 1533694754
  },
  {
    "id": "3faa352a-630f-41e7-99ce-0a6f91dbe07e",
    "data": [
      {
        "text": "please ",
        "userDefined": false
      },
      {
        "text": "extend",
        "alias": "action",
        "meta": "@Actions",
        "userDefined": false
      },
      {
        "text": " my stay",
        "userDefined": false
      }
    ],
    "isTemplate": false,
    "count": 0,
    "updated": 1533694754
  },
  {
    "id": "8665699a-e3b3-43b8-88ec-505a823149e7",
    "data": [
      {
        "text": "Any ",
        "userDefined": false
      },
      {
        "text": "nearby",
        "alias": "proximity",
        "meta": "@Proximity",
        "userDefined": false
      },
      {
        "text": " ",
        "userDefined": false
      },
      {
        "text": "grocery stores",
        "alias": "facilities",
        "meta": "@Facilities",
        "userDefined": false
      },
      {
        "text": "?",
        "userDefined": false
      }
    ],
    "isTemplate": false,
    "count": 0,
    "updated": 1533694754
  },
  {
    "id": "cf83ac5e-dcad-44dd-98c8-1069a68a8305",
    "data": [
      {
        "text": "Can you suggest ",
        "userDefined": false
      },
      {
        "text": "nearby",
        "alias": "proximity",
        "meta": "@Proximity",
        "userDefined": true
      },
      {
        "text": " ",
        "userDefined": false
      },
      {
        "text": "Restaurants",
        "alias": "facilities",
        "meta": "@Facilities",
        "userDefined": false
      }
    ],
    "isTemplate": false,
    "count": 0,
    "updated": 1533694754
  },
  {
    "id": "e5b92a2d-efa5-4d2b-881a-7fa41318a792",
    "data": [
      {
        "text": "I would like to ",
        "userDefined": false
      },
      {
        "text": "order",
        "alias": "action",
        "meta": "@Actions",
        "userDefined": true
      },
      {
        "text": " ",
        "userDefined": false
      },
      {
        "text": "drinks",
        "alias": "eatNDrink",
        "meta": "@EatNDrink",
        "userDefined": false
      }
    ],
    "isTemplate": false,
    "count": 0,
    "updated": 1533694754
  }
]