[
  {
    "id": "253c9577-9064-4862-a585-231792ee8ae3",
    "data": [
      {
        "text": "are ",
        "userDefined": false
      },
      {
        "text": "cats",
        "alias": "pets",
        "meta": "@common-entities",
        "userDefined": true
      },
      {
        "text": " allowed",
        "userDefined": false
      }
    ],
    "isTemplate": false,
    "count": 0,
    "updated": 1532629335
  },
  {
    "id": "e3b8f169-69f9-49b1-9654-bd5ab8dedd76",
    "data": [
      {
        "text": "are ",
        "userDefined": false
      },
      {
        "text": "cats welcome",
        "alias": "pets",
        "meta": "@common-entities",
        "userDefined": false
      }
    ],
    "isTemplate": false,
    "count": 0,
    "updated": 1532629335
  },
  {
    "id": "3ae49596-f1eb-43dd-b3dc-85aee37e70c8",
    "data": [
      {
        "text": "are ",
        "userDefined": false
      },
      {
        "text": "dogs welcome",
        "alias": "pets",
        "meta": "@common-entities",
        "userDefined": false
      }
    ],
    "isTemplate": false,
    "count": 0,
    "updated": 1532629335
  },
  {
    "id": "c4731894-56ee-48d5-a2e9-0eabeb2ff509",
    "data": [
      {
        "text": "if is ",
        "userDefined": false
      },
      {
        "text": "cat friendly",
        "alias": "pets",
        "meta": "@common-entities",
        "userDefined": false
      }
    ],
    "isTemplate": false,
    "count": 0,
    "updated": 1532629335
  },
  {
    "id": "641b8fff-a182-4917-ad0f-d6f031d8543c",
    "data": [
      {
        "text": "is it",
        "alias": "question",
        "meta": "@lang-elements",
        "userDefined": false
      },
      {
        "text": " ",
        "userDefined": false
      },
      {
        "text": "dog friendly",
        "alias": "pets",
        "meta": "@common-entities",
        "userDefined": false
      }
    ],
    "isTemplate": false,
    "count": 0,
    "updated": 1532629335
  },
  {
    "id": "85067975-b2be-41c9-9811-8644a5bf899d",
    "data": [
      {
        "text": "Is it",
        "alias": "question",
        "meta": "@lang-elements",
        "userDefined": false
      },
      {
        "text": " ",
        "userDefined": false
      },
      {
        "text": "pet friendly",
        "alias": "pets",
        "meta": "@common-entities",
        "userDefined": false
      }
    ],
    "isTemplate": false,
    "count": 0,
    "updated": 1532629335
  },
  {
    "id": "48ac0cc0-e062-4147-bc22-c856d5a60bc6",
    "data": [
      {
        "text": "Can I",
        "alias": "question",
        "meta": "@lang-elements",
        "userDefined": false
      },
      {
        "text": " brink my ",
        "userDefined": false
      },
      {
        "text": "pets",
        "alias": "pets",
        "meta": "@common-entities",
        "userDefined": true
      }
    ],
    "isTemplate": false,
    "count": 0,
    "updated": 1532629335
  },
  {
    "id": "ee0779d4-ec72-4a33-b48b-782e6545f1a2",
    "data": [
      {
        "text": "Do you allow ",
        "userDefined": false
      },
      {
        "text": "pets",
        "alias": "pets",
        "meta": "@common-entities",
        "userDefined": true
      }
    ],
    "isTemplate": false,
    "count": 0,
    "updated": 1532629335
  },
  {
    "id": "a1d44708-cf87-4c59-a4c2-902588dd3324",
    "data": [
      {
        "text": "Do you allow ",
        "userDefined": false
      },
      {
        "text": "cats",
        "alias": "pets",
        "meta": "@common-entities",
        "userDefined": true
      }
    ],
    "isTemplate": false,
    "count": 0,
    "updated": 1532629335
  },
  {
    "id": "ca1f18de-921c-49c0-8e7f-967fd7163eae",
    "data": [
      {
        "text": "What is your ",
        "userDefined": false
      },
      {
        "text": "pet policy",
        "alias": "pets",
        "meta": "@common-entities",
        "userDefined": true
      }
    ],
    "isTemplate": false,
    "count": 0,
    "updated": 1532629335
  },
  {
    "id": "a0fb150c-9ca3-4695-80b2-34c0114f0c24",
    "data": [
      {
        "text": "is ",
        "userDefined": false
      },
      {
        "text": "cat",
        "alias": "pets",
        "meta": "@common-entities",
        "userDefined": true
      },
      {
        "text": " allowed",
        "userDefined": false
      }
    ],
    "isTemplate": false,
    "count": 0,
    "updated": 1532629335
  },
  {
    "id": "f84780cc-6d51-43c6-83e2-2892391836f5",
    "data": [
      {
        "text": "Do you allow ",
        "userDefined": false
      },
      {
        "text": "dogs",
        "alias": "pets",
        "meta": "@common-entities",
        "userDefined": true
      }
    ],
    "isTemplate": false,
    "count": 0,
    "updated": 1532629335
  },
  {
    "id": "17a6e9be-5a9f-4399-b268-9f1c930639a6",
    "data": [
      {
        "text": "is ",
        "userDefined": false
      },
      {
        "text": "dog",
        "alias": "pets",
        "meta": "@common-entities",
        "userDefined": true
      },
      {
        "text": " allowed",
        "userDefined": false
      }
    ],
    "isTemplate": false,
    "count": 0,
    "updated": 1532629335
  }
]