[
  {
    "id": "1b225057-d8bf-47e8-bca0-da7a91aecd14",
    "data": [
      {
        "text": "I want to ",
        "userDefined": false
      },
      {
        "text": "comment",
        "alias": "rating",
        "meta": "@Rating",
        "userDefined": false
      },
      {
        "text": " on your services",
        "userDefined": false
      }
    ],
    "isTemplate": false,
    "count": 0,
    "updated": 1531596167
  },
  {
    "id": "86f5c47c-8679-422d-a8e3-6de646ea4c7f",
    "data": [
      {
        "text": "I want to leave ",
        "userDefined": false
      },
      {
        "text": "feedback",
        "alias": "rating",
        "meta": "@Rating",
        "userDefined": false
      }
    ],
    "isTemplate": false,
    "count": 0,
    "updated": 1531596167
  },
  {
    "id": "4bb9d333-44cc-4cb8-9483-bd17d3ba682f",
    "data": [
      {
        "text": "I want to give ",
        "userDefined": false
      },
      {
        "text": "feedback",
        "alias": "rating",
        "meta": "@Rating",
        "userDefined": false
      }
    ],
    "isTemplate": false,
    "count": 0,
    "updated": 1531596167
  },
  {
    "id": "830633d5-0d59-43e4-b34d-1311094521d2",
    "data": [
      {
        "text": "I would like to ",
        "userDefined": false
      },
      {
        "text": "Rate",
        "alias": "rating",
        "meta": "@Rating",
        "userDefined": false
      },
      {
        "text": " your service",
        "userDefined": false
      }
    ],
    "isTemplate": false,
    "count": 1,
    "updated": 1531596167
  },
  {
    "id": "d19f0aa0-23f2-494d-989c-b84de46f637b",
    "data": [
      {
        "text": "Rate",
        "alias": "rating",
        "meta": "@Rating",
        "userDefined": true
      },
      {
        "text": " Service",
        "userDefined": false
      }
    ],
    "isTemplate": false,
    "count": 0,
    "updated": 1531596167
  }
]