[
  {
    "id": "89122ecc-8a06-4e5f-b7d0-6ad0958643fd",
    "data": [
      {
        "text": "reservations",
        "alias": "common-entities",
        "meta": "@common-entities",
        "userDefined": true
      }
    ],
    "isTemplate": false,
    "count": 0,
    "updated": 1532032451
  },
  {
    "id": "f9c248ce-13fd-4f1a-a8e0-c2c025b1947e",
    "data": [
      {
        "text": "reservation",
        "alias": "common-entities",
        "meta": "@common-entities",
        "userDefined": true
      }
    ],
    "isTemplate": false,
    "count": 0,
    "updated": 1532032451
  },
  {
    "id": "267863f7-8a4d-4c5e-a669-8cc55f238edd",
    "data": [
      {
        "text": "Can",
        "alias": "question",
        "meta": "@lang-elements",
        "userDefined": true
      },
      {
        "text": " I make a ",
        "userDefined": false
      },
      {
        "text": "reservation",
        "alias": "common-entities",
        "meta": "@common-entities",
        "userDefined": true
      }
    ],
    "isTemplate": false,
    "count": 0,
    "updated": 1532042979
  },
  {
    "id": "14a0809e-a783-4ceb-bc21-0f2b3c3c4271",
    "data": [
      {
        "text": "Do you",
        "alias": "question",
        "meta": "@lang-elements",
        "userDefined": true
      },
      {
        "text": " take ",
        "userDefined": false
      },
      {
        "text": "reservations",
        "alias": "common-entities",
        "meta": "@common-entities",
        "userDefined": true
      }
    ],
    "isTemplate": false,
    "count": 0,
    "updated": 1532042979
  },
  {
    "id": "dc89bc83-2a98-4f78-a912-f3206cbfe26c",
    "data": [
      {
        "text": "new ",
        "userDefined": false
      },
      {
        "text": "reservation",
        "alias": "common-entities",
        "meta": "@common-entities",
        "userDefined": true
      }
    ],
    "isTemplate": false,
    "count": 0,
    "updated": 1532032451
  },
  {
    "id": "85f2770c-622e-408d-a49f-ad474ebf31a9",
    "data": [
      {
        "text": "Make",
        "alias": "Actions",
        "meta": "@Actions",
        "userDefined": true
      },
      {
        "text": "  a ",
        "userDefined": false
      },
      {
        "text": "reservation",
        "alias": "common-entities",
        "meta": "@common-entities",
        "userDefined": true
      }
    ],
    "isTemplate": false,
    "count": 0,
    "updated": 1532032451
  },
  {
    "id": "f7cb95f4-651b-4e1e-a487-744ac606d48e",
    "data": [
      {
        "text": "I ",
        "userDefined": false
      },
      {
        "text": "want",
        "alias": "Actions",
        "meta": "@Actions",
        "userDefined": true
      },
      {
        "text": " to ",
        "userDefined": false
      },
      {
        "text": "reserve",
        "alias": "common-entities",
        "meta": "@common-entities",
        "userDefined": true
      },
      {
        "text": " a ",
        "userDefined": false
      },
      {
        "text": "bottle service",
        "alias": "serviceType",
        "meta": "@ServiceType",
        "userDefined": true
      },
      {
        "text": " on ",
        "userDefined": false
      },
      {
        "text": "02/01/2018",
        "alias": "reservationDate",
        "meta": "@sys.date",
        "userDefined": true
      }
    ],
    "isTemplate": false,
    "count": 0,
    "updated": 1532032451
  },
  {
    "id": "5bf3a68b-ac75-4927-9fc6-aa30d84b67bc",
    "data": [
      {
        "text": "I ",
        "userDefined": false
      },
      {
        "text": "want",
        "alias": "Actions",
        "meta": "@Actions",
        "userDefined": true
      },
      {
        "text": " to ",
        "userDefined": false
      },
      {
        "text": "reserve",
        "alias": "common-entities",
        "meta": "@common-entities",
        "userDefined": true
      },
      {
        "text": " a ",
        "userDefined": false
      },
      {
        "text": "table",
        "alias": "serviceType",
        "meta": "@ServiceType",
        "userDefined": true
      },
      {
        "text": " for ",
        "userDefined": false
      },
      {
        "text": "2",
        "alias": "noOfGuests",
        "meta": "@sys.number",
        "userDefined": true
      },
      {
        "text": " people ",
        "userDefined": false
      },
      {
        "text": "tomorrow",
        "alias": "reservationDate",
        "meta": "@sys.date",
        "userDefined": true
      }
    ],
    "isTemplate": false,
    "count": 0,
    "updated": 1532032451
  },
  {
    "id": "2feec1b4-4414-42a8-9780-6fe17ae554bc",
    "data": [
      {
        "text": "Bottle Service",
        "alias": "serviceType",
        "meta": "@ServiceType",
        "userDefined": true
      },
      {
        "text": " for ",
        "userDefined": false
      },
      {
        "text": "4",
        "alias": "noOfGuests",
        "meta": "@sys.number",
        "userDefined": true
      },
      {
        "text": " please",
        "userDefined": false
      }
    ],
    "isTemplate": false,
    "count": 0,
    "updated": 1531950325
  },
  {
    "id": "de0dfe43-0112-4973-9a3a-b4e70f9c1c70",
    "data": [
      {
        "text": "I want to reserve a ",
        "userDefined": false
      },
      {
        "text": "table",
        "alias": "serviceType",
        "meta": "@ServiceType",
        "userDefined": true
      },
      {
        "text": " for ",
        "userDefined": false
      },
      {
        "text": "2",
        "alias": "noOfGuests",
        "meta": "@sys.number",
        "userDefined": true
      },
      {
        "text": " on ",
        "userDefined": false
      },
      {
        "text": "14th Feb",
        "alias": "reservationDate",
        "meta": "@sys.date",
        "userDefined": true
      }
    ],
    "isTemplate": false,
    "count": 0,
    "updated": 1531950325
  },
  {
    "id": "35fd8271-39b4-4fc8-bd86-02edcc6eca5d",
    "data": [
      {
        "text": "I want to do a reservation for ",
        "userDefined": false
      },
      {
        "text": "bottle",
        "alias": "serviceType",
        "meta": "@ServiceType",
        "userDefined": true
      },
      {
        "text": " service",
        "userDefined": false
      }
    ],
    "isTemplate": false,
    "count": 0,
    "updated": 1531950325
  },
  {
    "id": "d6672721-dcbb-444d-915e-7369efacc570",
    "data": [
      {
        "text": "I want to reserve a ",
        "userDefined": false
      },
      {
        "text": "table",
        "alias": "serviceType",
        "meta": "@ServiceType",
        "userDefined": true
      },
      {
        "text": " at ",
        "userDefined": false
      },
      {
        "text": "shboom",
        "alias": "given-name",
        "meta": "@sys.given-name",
        "userDefined": true
      },
      {
        "text": " on ",
        "userDefined": false
      },
      {
        "text": "02/18/2018",
        "alias": "reservationDate",
        "meta": "@sys.date",
        "userDefined": true
      },
      {
        "text": " for ",
        "userDefined": false
      },
      {
        "text": "2",
        "alias": "noOfGuests",
        "meta": "@sys.number",
        "userDefined": true
      },
      {
        "text": " people.",
        "userDefined": false
      }
    ],
    "isTemplate": false,
    "count": 0,
    "updated": 1531950325
  },
  {
    "id": "80ebeb98-3c9f-4597-8b00-950c2496ec6d",
    "data": [
      {
        "text": "I want to reserve a ",
        "userDefined": false
      },
      {
        "text": "table",
        "alias": "serviceType",
        "meta": "@ServiceType",
        "userDefined": true
      },
      {
        "text": " for ",
        "userDefined": false
      },
      {
        "text": "2",
        "alias": "noOfGuests",
        "meta": "@sys.number",
        "userDefined": true
      },
      {
        "text": " on ",
        "userDefined": false
      },
      {
        "text": "Feb 14th",
        "alias": "reservationDate",
        "meta": "@sys.date",
        "userDefined": true
      }
    ],
    "isTemplate": false,
    "count": 0,
    "updated": 1531950325
  },
  {
    "id": "c5bd349e-c774-422c-a830-a8369ec4a9c2",
    "data": [
      {
        "text": "I want a reservation  for ",
        "userDefined": false
      },
      {
        "text": "2",
        "alias": "noOfGuests",
        "meta": "@sys.number",
        "userDefined": true
      },
      {
        "text": " people on ",
        "userDefined": false
      },
      {
        "text": "Feb 14",
        "alias": "reservationDate",
        "meta": "@sys.date",
        "userDefined": true
      }
    ],
    "isTemplate": false,
    "count": 0,
    "updated": 1531950325
  },
  {
    "id": "07f37a36-80c6-4c8a-8dd1-99a9c3e10925",
    "data": [
      {
        "text": "I want to reserve a ",
        "userDefined": false
      },
      {
        "text": "bottle service",
        "alias": "serviceType",
        "meta": "@ServiceType",
        "userDefined": true
      },
      {
        "text": " for ",
        "userDefined": false
      },
      {
        "text": "4",
        "alias": "noOfGuests",
        "meta": "@sys.number",
        "userDefined": true
      },
      {
        "text": " guests on ",
        "userDefined": false
      },
      {
        "text": "02/10/2018",
        "alias": "reservationDate",
        "meta": "@sys.date",
        "userDefined": true
      }
    ],
    "isTemplate": false,
    "count": 0,
    "updated": 1531950325
  },
  {
    "id": "4d8d51d6-e4c4-48ae-8d74-c57c2a5e7eba",
    "data": [
      {
        "text": "I want to do a reservation.",
        "userDefined": false
      }
    ],
    "isTemplate": false,
    "count": 0,
    "updated": 1531950325
  },
  {
    "id": "b7aeeee8-247d-43fa-ad6c-8a46d5b7de69",
    "data": [
      {
        "text": "Add ",
        "userDefined": false
      },
      {
        "text": "4",
        "alias": "noOfGuests",
        "meta": "@sys.number",
        "userDefined": true
      },
      {
        "text": " ",
        "userDefined": false
      },
      {
        "text": "guests",
        "meta": "@sys.ignore",
        "userDefined": true
      },
      {
        "text": " to ",
        "userDefined": false
      },
      {
        "text": "GuestList",
        "alias": "serviceType",
        "meta": "@ServiceType",
        "userDefined": true
      }
    ],
    "isTemplate": false,
    "count": 0,
    "updated": 1531950325
  },
  {
    "id": "2d1df47a-7071-4138-95f6-81e20e6382c6",
    "data": [
      {
        "text": "Reserve ",
        "userDefined": false
      },
      {
        "text": "Bottle Service",
        "alias": "serviceType",
        "meta": "@ServiceType",
        "userDefined": true
      },
      {
        "text": " at ",
        "userDefined": false
      },
      {
        "text": "Shboom",
        "alias": "given-name",
        "meta": "@sys.given-name",
        "userDefined": true
      },
      {
        "text": " for ",
        "userDefined": false
      },
      {
        "text": "2",
        "alias": "noOfGuests",
        "meta": "@sys.number",
        "userDefined": true
      },
      {
        "text": " people.",
        "userDefined": false
      }
    ],
    "isTemplate": false,
    "count": 0,
    "updated": 1531950325
  },
  {
    "id": "e63bb569-554e-4f81-a554-318a87715a13",
    "data": [
      {
        "text": "I want to reserve ",
        "userDefined": false
      },
      {
        "text": "bottle service",
        "alias": "serviceType",
        "meta": "@ServiceType",
        "userDefined": true
      },
      {
        "text": " for ",
        "userDefined": false
      },
      {
        "text": "4",
        "alias": "noOfGuests",
        "meta": "@sys.number",
        "userDefined": true
      },
      {
        "text": " people ",
        "userDefined": false
      },
      {
        "text": "tomorrow",
        "alias": "reservationDate",
        "meta": "@sys.date",
        "userDefined": true
      }
    ],
    "isTemplate": false,
    "count": 0,
    "updated": 1531950325
  },
  {
    "id": "e7a25161-d961-43c0-a363-dce206f33c32",
    "data": [
      {
        "text": "Reserve ",
        "userDefined": false
      },
      {
        "text": "4",
        "alias": "noOfGuests",
        "meta": "@sys.number",
        "userDefined": true
      },
      {
        "text": " ",
        "userDefined": false
      },
      {
        "text": "tables",
        "alias": "serviceType",
        "meta": "@ServiceType",
        "userDefined": true
      },
      {
        "text": " for a ",
        "userDefined": false
      },
      {
        "text": "birthday party",
        "alias": "eventType",
        "meta": "@EventType",
        "userDefined": true
      },
      {
        "text": ".",
        "userDefined": false
      }
    ],
    "isTemplate": false,
    "count": 0,
    "updated": 1531950325
  }
]