[
  {
    "id": "14be97d8-4413-4fc6-b6cf-f04da9850e3c",
    "data": [
      {
        "text": "Feb 14th",
        "alias": "reservationDate",
        "meta": "@sys.date",
        "userDefined": false
      }
    ],
    "isTemplate": false,
    "count": 0,
    "updated": 1518671260
  },
  {
    "id": "6f9f2e2c-a60b-4669-b1dd-53d813a3d2f4",
    "data": [
      {
        "text": "Jan 26, 2018",
        "alias": "reservationDate",
        "meta": "@sys.date",
        "userDefined": false
      }
    ],
    "isTemplate": false,
    "count": 0,
    "updated": 1518671260
  },
  {
    "id": "062e814f-208e-4911-b480-601806a97c24",
    "data": [
      {
        "text": "this wednessday",
        "userDefined": false
      }
    ],
    "isTemplate": false,
    "count": 0,
    "updated": 1518671260
  },
  {
    "id": "405f4876-956e-49df-9459-b4a26feb2cea",
    "data": [
      {
        "text": "this wednesday",
        "alias": "reservationDate",
        "meta": "@sys.date",
        "userDefined": true
      }
    ],
    "isTemplate": false,
    "count": 0,
    "updated": 1518671260
  },
  {
    "id": "63a4bbf0-a630-489d-9e9d-f554cf57438e",
    "data": [
      {
        "text": "Next Thursday",
        "alias": "reservationDate",
        "meta": "@sys.date",
        "userDefined": false
      }
    ],
    "isTemplate": false,
    "count": 0,
    "updated": 1518671260
  },
  {
    "id": "56d5a4bb-171f-4f5d-a85d-3fd8b406b995",
    "data": [
      {
        "text": "coming Monday",
        "alias": "reservationDate",
        "meta": "@sys.date",
        "userDefined": true
      }
    ],
    "isTemplate": false,
    "count": 0,
    "updated": 1518671260
  },
  {
    "id": "a801e58c-08b5-4296-bafb-2869f3041027",
    "data": [
      {
        "text": "March 18",
        "alias": "reservationDate",
        "meta": "@sys.date",
        "userDefined": true
      }
    ],
    "isTemplate": false,
    "count": 0,
    "updated": 1518723027
  },
  {
    "id": "b7db8b7e-3de9-4346-bbc5-830ad9a0654e",
    "data": [
      {
        "text": "26 Jan 2018",
        "alias": "reservationDate",
        "meta": "@sys.date",
        "userDefined": false
      }
    ],
    "isTemplate": false,
    "count": 0,
    "updated": 1518671260
  },
  {
    "id": "24a08119-81ed-4c7d-b429-5502e7af170d",
    "data": [
      {
        "text": "Feb 14",
        "alias": "reservationDate",
        "meta": "@sys.date",
        "userDefined": false
      }
    ],
    "isTemplate": false,
    "count": 0,
    "updated": 1518671260
  },
  {
    "id": "93378674-074e-48f3-80f0-ff50cfa9f00d",
    "data": [
      {
        "text": "Tomorrow",
        "alias": "reservationDate",
        "meta": "@sys.date",
        "userDefined": false
      }
    ],
    "isTemplate": false,
    "count": 0,
    "updated": 1518671260
  }
]