[
  {
    "id": "a42738a4-eeb0-45c7-846f-314b840cc2cb",
    "data": [
      {
        "text": "RESTART",
        "userDefined": false
      }
    ],
    "isTemplate": false,
    "count": 0,
    "updated": 1529904802
  },
  {
    "id": "d447e7f7-c191-4f92-958c-e17b67bfa267",
    "data": [
      {
        "text": " ",
        "userDefined": false
      },
      {
        "text": "Start",
        "meta": "@sys.ignore",
        "userDefined": false
      },
      {
        "text": " again",
        "userDefined": false
      }
    ],
    "isTemplate": false,
    "count": 0,
    "updated": 1529904820
  },
  {
    "id": "88e987b0-11ae-4ff5-8640-608f96224c3a",
    "data": [
      {
        "text": "start",
        "meta": "@sys.ignore",
        "userDefined": false
      },
      {
        "text": " over",
        "userDefined": false
      }
    ],
    "isTemplate": false,
    "count": 0,
    "updated": 1529904820
  },
  {
    "id": "231b1e6e-e01f-4c91-9666-3ab99468e53e",
    "data": [
      {
        "text": "Startover",
        "userDefined": false
      }
    ],
    "isTemplate": false,
    "count": 1,
    "updated": 1529904802
  }
]