[
  {
    "id": "3d5ddf05-8da7-4feb-8c3c-8660a9145522",
    "data": [
      {
        "text": "BanquetHall",
        "alias": "serviceType",
        "meta": "@ServiceType",
        "userDefined": false
      }
    ],
    "isTemplate": false,
    "count": 0,
    "updated": 1518661875
  },
  {
    "id": "6bd27bcf-1071-49a3-8db8-8bc91fdca2df",
    "data": [
      {
        "text": "Party",
        "alias": "serviceType",
        "meta": "@ServiceType",
        "userDefined": false
      }
    ],
    "isTemplate": false,
    "count": 0,
    "updated": 1518661875
  },
  {
    "id": "7cd4d549-309b-4379-a88b-16b751f3b3c7",
    "data": [
      {
        "text": "PartyHall",
        "alias": "serviceType",
        "meta": "@ServiceType",
        "userDefined": false
      }
    ],
    "isTemplate": false,
    "count": 0,
    "updated": 1518661875
  },
  {
    "id": "341d8fc3-cdf6-4f22-9247-0c70cc62baf2",
    "data": [
      {
        "text": "DInner Reservation",
        "alias": "serviceType",
        "meta": "@ServiceType",
        "userDefined": false
      }
    ],
    "isTemplate": false,
    "count": 1,
    "updated": 1518661875
  },
  {
    "id": "cc81de80-d2b2-4f42-ab69-aa7d883a1be4",
    "data": [
      {
        "text": "Party Hall",
        "userDefined": false
      }
    ],
    "isTemplate": false,
    "count": 0,
    "updated": 1518661875
  },
  {
    "id": "307ba1f3-b5fc-4f72-9804-a1354c238d8e",
    "data": [
      {
        "text": "Dinner",
        "alias": "serviceType",
        "meta": "@ServiceType",
        "userDefined": false
      }
    ],
    "isTemplate": false,
    "count": 1,
    "updated": 1518661875
  },
  {
    "id": "ba0b3d8a-9fb9-447d-be1d-b60c3610f367",
    "data": [
      {
        "text": "bottle",
        "alias": "serviceType",
        "meta": "@ServiceType",
        "userDefined": true
      }
    ],
    "isTemplate": false,
    "count": 0,
    "updated": 1518661875
  },
  {
    "id": "4d244b94-0a76-48ff-b19f-d980cc457eee",
    "data": [
      {
        "text": "Guests",
        "alias": "serviceType",
        "meta": "@ServiceType",
        "userDefined": false
      }
    ],
    "isTemplate": false,
    "count": 0,
    "updated": 1518661875
  },
  {
    "id": "c9e68869-3a29-41d6-888e-d85cc2eee04c",
    "data": [
      {
        "text": "Bottle",
        "alias": "serviceType",
        "meta": "@ServiceType",
        "userDefined": true
      },
      {
        "text": " Service",
        "userDefined": false
      }
    ],
    "isTemplate": false,
    "count": 0,
    "updated": 1518661875
  },
  {
    "id": "d4e20eb4-c749-4526-b07a-980ca1a2d91d",
    "data": [
      {
        "text": "Dinner Table",
        "alias": "serviceType",
        "meta": "@ServiceType",
        "userDefined": false
      }
    ],
    "isTemplate": false,
    "count": 0,
    "updated": 1518661875
  },
  {
    "id": "92bdece8-9c59-430e-95d3-9e868d211b20",
    "data": [
      {
        "text": "Private Party",
        "alias": "EventType",
        "meta": "@EventType",
        "userDefined": false
      }
    ],
    "isTemplate": false,
    "count": 0,
    "updated": 1518661875
  },
  {
    "id": "fc2db729-51d5-470e-aa3c-6c54c629f0c8",
    "data": [
      {
        "text": "Table",
        "alias": "serviceType",
        "meta": "@ServiceType",
        "userDefined": false
      }
    ],
    "isTemplate": false,
    "count": 0,
    "updated": 1518661875
  },
  {
    "id": "676780f3-b4fc-4626-b47c-9c47e82ba005",
    "data": [
      {
        "text": "Restaurant",
        "alias": "serviceType",
        "meta": "@ServiceType",
        "userDefined": false
      }
    ],
    "isTemplate": false,
    "count": 0,
    "updated": 1518661875
  },
  {
    "id": "a6ea068f-96f6-42b5-972d-ef7b631d5403",
    "data": [
      {
        "text": "Guest",
        "alias": "serviceType",
        "meta": "@ServiceType",
        "userDefined": true
      },
      {
        "text": " List",
        "userDefined": false
      }
    ],
    "isTemplate": false,
    "count": 0,
    "updated": 1518661875
  },
  {
    "id": "06495b7d-7ef5-4eaa-8f50-a1fd63eba28c",
    "data": [
      {
        "text": "GuestList",
        "alias": "serviceType",
        "meta": "@ServiceType",
        "userDefined": true
      }
    ],
    "isTemplate": false,
    "count": 0,
    "updated": 1518661875
  },
  {
    "id": "fd953d58-6afe-4c97-9237-7c16b71052c3",
    "data": [
      {
        "text": "BottleService",
        "alias": "serviceType",
        "meta": "@ServiceType",
        "userDefined": true
      }
    ],
    "isTemplate": false,
    "count": 0,
    "updated": 1518661875
  }
]