[
  {
    "id": "55480f98-e14e-4b1d-a0e4-a917304599d8",
    "data": [
      {
        "text": "Can you pick ",
        "userDefined": false
      },
      {
        "text": "me",
        "alias": "lang-elements",
        "meta": "@lang-elements",
        "userDefined": false
      },
      {
        "text": " from ",
        "userDefined": false
      },
      {
        "text": "SFO international",
        "alias": "airport",
        "meta": "@sys.airport",
        "userDefined": true
      },
      {
        "text": " ",
        "userDefined": false
      },
      {
        "text": "airport",
        "alias": "place",
        "meta": "@place",
        "userDefined": false
      }
    ],
    "isTemplate": false,
    "count": 0,
    "updated": 1532419988
  },
  {
    "id": "3bf5027d-d300-4f27-8c88-fef563137e89",
    "data": [
      {
        "text": "Is there a ",
        "userDefined": false
      },
      {
        "text": "shuttle",
        "alias": "shuttle",
        "meta": "@ShuttleService",
        "userDefined": false
      },
      {
        "text": " to ",
        "userDefined": false
      },
      {
        "text": "San Jose",
        "alias": "geo-city",
        "meta": "@sys.geo-city",
        "userDefined": false
      },
      {
        "text": " ",
        "userDefined": false
      },
      {
        "text": "airport",
        "alias": "place",
        "meta": "@place",
        "userDefined": false
      }
    ],
    "isTemplate": false,
    "count": 0,
    "updated": 1532419988
  },
  {
    "id": "11ee5d29-9e67-4781-9589-62ac41edde2b",
    "data": [
      {
        "text": "DO you have ",
        "userDefined": false
      },
      {
        "text": "shuttles",
        "alias": "shuttle",
        "meta": "@ShuttleService",
        "userDefined": false
      },
      {
        "text": " for ",
        "userDefined": false
      },
      {
        "text": "SFO",
        "alias": "airport",
        "meta": "@sys.airport",
        "userDefined": true
      },
      {
        "text": " ",
        "userDefined": false
      },
      {
        "text": "airport",
        "alias": "place",
        "meta": "@place",
        "userDefined": false
      }
    ],
    "isTemplate": false,
    "count": 0,
    "updated": 1532419988
  },
  {
    "id": "de548023-1631-432a-ba9a-7f5822ba36f1",
    "data": [
      {
        "text": "Do you",
        "alias": "lang-elements",
        "meta": "@lang-elements",
        "userDefined": false
      },
      {
        "text": " provide ",
        "userDefined": false
      },
      {
        "text": "shuttle",
        "alias": "shuttle",
        "meta": "@ShuttleService",
        "userDefined": false
      },
      {
        "text": " to ",
        "userDefined": false
      },
      {
        "text": "airport",
        "alias": "place",
        "meta": "@place",
        "userDefined": false
      }
    ],
    "isTemplate": false,
    "count": 0,
    "updated": 1532419988
  },
  {
    "id": "01c0a9b8-78c8-4e85-8b7b-2e0ab2830e81",
    "data": [
      {
        "text": "is there ",
        "userDefined": false
      },
      {
        "text": "shuttle",
        "alias": "shuttle",
        "meta": "@ShuttleService",
        "userDefined": false
      },
      {
        "text": " for ",
        "userDefined": false
      },
      {
        "text": "airport",
        "alias": "place",
        "meta": "@place",
        "userDefined": false
      }
    ],
    "isTemplate": false,
    "count": 0,
    "updated": 1532419988
  },
  {
    "id": "ae6ed013-8e60-42d0-a042-fd98d7d04ac6",
    "data": [
      {
        "text": "do you have ",
        "userDefined": false
      },
      {
        "text": "shuttle",
        "alias": "shuttle",
        "meta": "@ShuttleService",
        "userDefined": true
      },
      {
        "text": " for ",
        "userDefined": false
      },
      {
        "text": "airport",
        "alias": "place",
        "meta": "@place",
        "userDefined": true
      }
    ],
    "isTemplate": false,
    "count": 0,
    "updated": 1532419988
  },
  {
    "id": "5dac362d-d6f9-4e07-9ca3-0a17ea74f893",
    "data": [
      {
        "text": "do you have ",
        "userDefined": false
      },
      {
        "text": "shuttle service",
        "alias": "shuttle",
        "meta": "@ShuttleService",
        "userDefined": true
      }
    ],
    "isTemplate": false,
    "count": 0,
    "updated": 1532419988
  },
  {
    "id": "f6e9fb99-25e9-4e47-9712-dca6a6ad660a",
    "data": [
      {
        "text": "Is there a ",
        "userDefined": false
      },
      {
        "text": "shuttle",
        "alias": "shuttle",
        "meta": "@ShuttleService",
        "userDefined": true
      },
      {
        "text": " ",
        "userDefined": false
      },
      {
        "text": "to",
        "alias": "to_from",
        "meta": "@sys.language",
        "userDefined": true
      },
      {
        "text": " ",
        "userDefined": false
      },
      {
        "text": "airport",
        "alias": "place",
        "meta": "@place",
        "userDefined": true
      }
    ],
    "isTemplate": false,
    "count": 0,
    "updated": 1532419988
  },
  {
    "id": "e8450e3f-55ff-4f00-8747-fc4f01a3a2dd",
    "data": [
      {
        "text": "Can you pick me up ",
        "userDefined": false
      },
      {
        "text": "from",
        "alias": "to_from",
        "meta": "@sys.language",
        "userDefined": true
      },
      {
        "text": " ",
        "userDefined": false
      },
      {
        "text": "airport",
        "alias": "place",
        "meta": "@place",
        "userDefined": true
      }
    ],
    "isTemplate": false,
    "count": 1,
    "updated": 1532419988
  },
  {
    "id": "ed606a5d-829f-49d1-90e6-9e5597e2a4ee",
    "data": [
      {
        "text": "Do you have ",
        "userDefined": false
      },
      {
        "text": "airport pickup",
        "alias": "shuttle",
        "meta": "@ShuttleService",
        "userDefined": false
      }
    ],
    "isTemplate": false,
    "count": 0,
    "updated": 1532419988
  },
  {
    "id": "f461a86d-3c3c-4fbf-8797-1fe562d58279",
    "data": [
      {
        "text": "Do you have ",
        "userDefined": false
      },
      {
        "text": "airport shuttle",
        "alias": "shuttle",
        "meta": "@ShuttleService",
        "userDefined": false
      }
    ],
    "isTemplate": false,
    "count": 0,
    "updated": 1532419988
  }
]