[
  {
    "id": "29275fd6-f1fc-401c-b3b1-8bafc192742b",
    "data": [
      {
        "text": "hi",
        "userDefined": false
      }
    ],
    "isTemplate": false,
    "count": 0,
    "updated": 1519240487
  },
  {
    "id": "008c369b-2cee-47c6-be73-acd286ff04a0",
    "data": [
      {
        "text": "hey there",
        "userDefined": false
      }
    ],
    "isTemplate": false,
    "count": 1,
    "updated": 1519240487
  },
  {
    "id": "7f2bd8f5-5648-4189-904b-4539f12b0bbe",
    "data": [
      {
        "text": "hello again",
        "userDefined": false
      }
    ],
    "isTemplate": false,
    "count": 1,
    "updated": 1519240487
  },
  {
    "id": "51ee32d7-f2cc-4be4-b495-d00d22c85ccb",
    "data": [
      {
        "text": "I greet you",
        "userDefined": false
      }
    ],
    "isTemplate": false,
    "count": 0,
    "updated": 1519240487
  },
  {
    "id": "9b2f4430-a8be-4bcb-9c74-cd0f7449e4a3",
    "data": [
      {
        "text": "hello hi",
        "userDefined": false
      }
    ],
    "isTemplate": false,
    "count": 0,
    "updated": 1519240487
  },
  {
    "id": "7a9b3668-3a8e-4ada-874a-f237c84dfa0a",
    "data": [
      {
        "text": "just going to say hi",
        "userDefined": false
      }
    ],
    "isTemplate": false,
    "count": 0,
    "updated": 1519240487
  },
  {
    "id": "4ede9d9f-2ca7-4aa7-bec8-0859c5f0294c",
    "data": [
      {
        "text": "a good day",
        "userDefined": false
      }
    ],
    "isTemplate": false,
    "count": 0,
    "updated": 1519240487
  },
  {
    "id": "af48f704-898e-49b7-9d37-02bb30c3060a",
    "data": [
      {
        "text": "howdy",
        "userDefined": false
      }
    ],
    "isTemplate": false,
    "count": 0,
    "updated": 1519240487
  },
  {
    "id": "21b4370c-b14f-483e-86a3-62b1fdb7a1da",
    "data": [
      {
        "text": "long",
        "meta": "@sys.ignore",
        "userDefined": true
      },
      {
        "text": " time no see",
        "userDefined": false
      }
    ],
    "isTemplate": false,
    "count": 0,
    "updated": 1519240487
  },
  {
    "id": "67eb27c6-dc9a-4093-b192-fe1e47780b41",
    "data": [
      {
        "text": "afternoon",
        "userDefined": false
      }
    ],
    "isTemplate": false,
    "count": 0,
    "updated": 1519240487
  },
  {
    "id": "c4292fe2-c8f0-4d25-acb6-b5569dd5d7d9",
    "data": [
      {
        "text": "greetings",
        "userDefined": false
      }
    ],
    "isTemplate": false,
    "count": 0,
    "updated": 1519240487
  },
  {
    "id": "7149690b-3c0a-4439-bd6a-71868d912de1",
    "data": [
      {
        "text": "hi there",
        "userDefined": false
      }
    ],
    "isTemplate": false,
    "count": 0,
    "updated": 1519240487
  },
  {
    "id": "7ab26ddf-5c5a-42e9-8fe6-7a531d85592f",
    "data": [
      {
        "text": "hey",
        "userDefined": false
      }
    ],
    "isTemplate": false,
    "count": 0,
    "updated": 1519240487
  },
  {
    "id": "ecf33daa-590a-4255-af5b-5b40cfe8507e",
    "data": [
      {
        "text": "heya",
        "userDefined": false
      }
    ],
    "isTemplate": false,
    "count": 0,
    "updated": 1519240487
  },
  {
    "id": "8c96d3c9-9140-4485-9d3b-3531570975bb",
    "data": [
      {
        "text": "hello there",
        "userDefined": false
      }
    ],
    "isTemplate": false,
    "count": 1,
    "updated": 1519240487
  },
  {
    "id": "d7329263-d420-443e-9ee5-5de3439387a2",
    "data": [
      {
        "text": "hi",
        "meta": "@sys.ignore",
        "userDefined": true
      },
      {
        "text": " there",
        "userDefined": false
      }
    ],
    "isTemplate": false,
    "count": 0,
    "updated": 1519240487
  },
  {
    "id": "542ccd06-79d7-4621-ac73-d67846796f1e",
    "data": [
      {
        "text": "hello",
        "userDefined": false
      }
    ],
    "isTemplate": false,
    "count": 0,
    "updated": 1519240487
  },
  {
    "id": "80268b5b-6ab5-4bfc-b72b-ece88e4ed912",
    "data": [
      {
        "text": "lovely",
        "meta": "@sys.ignore",
        "userDefined": true
      },
      {
        "text": " ",
        "userDefined": false
      },
      {
        "text": "day",
        "meta": "@sys.ignore",
        "userDefined": true
      },
      {
        "text": " isn\u0027t ",
        "userDefined": false
      },
      {
        "text": "it",
        "meta": "@sys.ignore",
        "userDefined": true
      }
    ],
    "isTemplate": false,
    "count": 0,
    "updated": 1519240487
  }
]