[
  {
    "id": "9bf7f793-21b3-4c3b-90c3-00b628348e1f",
    "data": [
      {
        "text": "how hot",
        "alias": "common-entities",
        "meta": "@common-entities",
        "userDefined": false
      },
      {
        "text": " is ",
        "userDefined": false
      },
      {
        "text": "jacuzzi",
        "alias": "Facilities",
        "meta": "@Facilities",
        "userDefined": false
      }
    ],
    "isTemplate": false,
    "count": 0,
    "updated": 1532032301
  },
  {
    "id": "42891cbd-6c0f-429e-ad56-db5ffabec28c",
    "data": [
      {
        "text": "how hot",
        "alias": "common-entities",
        "meta": "@common-entities",
        "userDefined": false
      },
      {
        "text": " is the ",
        "userDefined": false
      },
      {
        "text": "pool",
        "alias": "Facilities",
        "meta": "@Facilities",
        "userDefined": false
      }
    ],
    "isTemplate": false,
    "count": 0,
    "updated": 1532032301
  },
  {
    "id": "7876fd1c-7299-45fe-a20d-fc61c43485e2",
    "data": [
      {
        "text": "What is the ",
        "userDefined": false
      },
      {
        "text": "jacuzzi",
        "alias": "Facilities",
        "meta": "@Facilities",
        "userDefined": false
      },
      {
        "text": " ",
        "userDefined": false
      },
      {
        "text": "temperature",
        "alias": "common-entities",
        "meta": "@common-entities",
        "userDefined": false
      }
    ],
    "isTemplate": false,
    "count": 0,
    "updated": 1532032301
  },
  {
    "id": "585351c5-8798-4790-a72d-b7b7ce8b25e7",
    "data": [
      {
        "text": "What is the ",
        "userDefined": false
      },
      {
        "text": "pool",
        "alias": "Facilities",
        "meta": "@Facilities",
        "userDefined": false
      },
      {
        "text": " ",
        "userDefined": false
      },
      {
        "text": "temperature",
        "alias": "common-entities",
        "meta": "@common-entities",
        "userDefined": false
      }
    ],
    "isTemplate": false,
    "count": 0,
    "updated": 1532032301
  }
]