[
  {
    "id": "19a5b4ce-6a6e-461d-8768-38afeaa7aa1d",
    "data": [
      {
        "text": "What is the ",
        "userDefined": false
      },
      {
        "text": "wifi",
        "alias": "facilities",
        "meta": "@Facilities",
        "userDefined": true
      },
      {
        "text": " ",
        "userDefined": false
      },
      {
        "text": "password",
        "alias": "userinfo",
        "meta": "@userinfo",
        "userDefined": true
      },
      {
        "text": "?",
        "userDefined": false
      }
    ],
    "isTemplate": false,
    "count": 0,
    "updated": 1532647152
  },
  {
    "id": "37a83451-f469-4114-b9e2-787d03bde7a9",
    "data": [
      {
        "text": "What is ",
        "userDefined": false
      },
      {
        "text": "wifi",
        "alias": "facilities",
        "meta": "@Facilities",
        "userDefined": true
      },
      {
        "text": " ",
        "userDefined": false
      },
      {
        "text": "name",
        "alias": "userinfo",
        "meta": "@userinfo",
        "userDefined": true
      },
      {
        "text": " and ",
        "userDefined": false
      },
      {
        "text": "password",
        "alias": "userinfo",
        "meta": "@userinfo",
        "userDefined": true
      },
      {
        "text": "?",
        "userDefined": false
      }
    ],
    "isTemplate": false,
    "count": 0,
    "updated": 1532647152
  },
  {
    "id": "c9f38688-bd8e-4f99-8518-856541fb79e9",
    "data": [
      {
        "text": "How to connect to your ",
        "userDefined": false
      },
      {
        "text": "wifi",
        "alias": "facilities",
        "meta": "@Facilities",
        "userDefined": true
      },
      {
        "text": "?",
        "userDefined": false
      }
    ],
    "isTemplate": false,
    "count": 0,
    "updated": 1532647152
  },
  {
    "id": "feeea4ed-a382-46e3-9b3d-1ca910aa53e8",
    "data": [
      {
        "text": "what is the ",
        "userDefined": false
      },
      {
        "text": "wifi",
        "alias": "facilities",
        "meta": "@Facilities",
        "userDefined": true
      },
      {
        "text": " ",
        "userDefined": false
      },
      {
        "text": "name",
        "alias": "userinfo",
        "meta": "@userinfo",
        "userDefined": true
      },
      {
        "text": "?",
        "userDefined": false
      }
    ],
    "isTemplate": false,
    "count": 0,
    "updated": 1532647152
  }
]