[
   {
     "label":"WebUser",
     "color" : "#51bff2",
	 "bars": {
          "show": "true",
		  "fill": "true",
          "lineWidth": 1,
          "order": 1
			
	 },
     "data": 
     [
      ["Jan", 56],
      ["Feb", 81],
      ["Mar", 97],
      ["Apr", 44],
      ["May", 24],
      ["Jun", 85],
      ["Jul", 94],
      ["Aug", 78],
      ["Sep", 52],
      ["Oct", 17],
      ["Nov", 90],
      ["Dec", 62]
    ]
   },
   {
     "label":"WebUser2",
     "color" : "#00FF00",
	  "bars": {
          "show": "true",
		  "fill": "true",
          "lineWidth": 1,
          "order": 2
	 },
     "data": 
     [
      ["Jan", 56],
      ["Feb", 81],
      ["Mar", 97],
      ["Apr", 44],
      ["May", 24],
      ["Jun", 85],
      ["Jul", 94],
      ["Aug", 78],
      ["Sep", 52],
      ["Oct", 17],
      ["Nov", 90],
      ["Dec", 62]
    ]
   }
]
